Index,cohort_year,division,division_name,graduation_rate,dropout_rate,income_per_capita,prev_year_teacher_salary,curr_year_teacher_salary,teacher_salary_diff
0,2008,1,Accomack County,65.58%,27.34%,32062.0,39131.0,39973.0,2.15
1,2008,2,Albemarle County,87.94%,7.02%,51484.0,47688.0,49580.0,3.97
2,2008,3,Alleghany County,82.35%,13.03%,31590.0,43123.0,44095.0,2.26
3,2008,4,Amelia County,81.21%,11.52%,33334.0,30446.0,40442.0,32.83
4,2008,5,Amherst County,80.92%,10.11%,29593.0,39705.0,41935.0,5.62
5,2008,6,Appomattox County,83.33%,9.44%,30632.0,37296.0,38755.0,3.91
6,2008,7,Arlington County,82.52%,12.52%,77678.0,65790.0,64447.0,-2.04
7,2008,8,Augusta County,84.79%,12.41%,,41286.0,43075.0,4.33
8,2008,9,Bath County,96.15%,1.92%,37482.0,41562.0,42259.0,1.68
9,2008,10,Bedford County,87.77%,5.88%,36501.0,37300.0,39694.0,6.42
10,2008,11,Bland County,83.64%,9.09%,26818.0,35402.0,37863.0,6.95
11,2008,12,Botetourt County,88.02%,3.91%,40243.0,45390.0,46561.0,2.58
12,2008,13,Brunswick County,64.21%,24.74%,26057.0,38261.0,37843.0,-1.09
13,2008,14,Buchanan County,83.45%,10.92%,29324.0,37151.0,38686.0,4.13
14,2008,15,Buckingham County,69.16%,22.90%,23606.0,37526.0,39827.0,6.13
15,2008,16,Campbell County,76.97%,11.97%,31717.0,39663.0,41324.0,4.19
16,2008,17,Caroline County,75.16%,11.61%,33535.0,41935.0,43807.0,4.46
17,2008,18,Carroll County,81.36%,11.24%,27602.0,36885.0,37024.0,0.38
18,2008,19,Charles City County,89.04%,9.59%,32972.0,39530.0,40530.0,2.53
19,2008,20,Charlotte County,84.39%,5.85%,,39042.0,40530.0,3.81
20,2008,21,Chesterfield County,84.72%,11.82%,43623.0,44417.0,46486.0,4.66
21,2008,22,Clarke County,90.00%,7.65%,48673.0,45817.0,46433.0,1.34
22,2008,23,Craig County,78.33%,13.33%,29252.0,40621.0,43279.0,6.54
23,2008,24,Culpeper County,81.15%,10.00%,36254.0,41405.0,44565.0,7.63
24,2008,25,Cumberland County,82.73%,12.73%,27534.0,39380.0,39714.0,0.85
25,2008,26,Dickenson County,87.67%,7.49%,25845.0,35742.0,37146.0,3.93
26,2008,27,Dinwiddie County,68.36%,15.22%,,42866.0,44461.0,3.72
27,2008,28,Essex County,81.75%,5.84%,34095.0,42583.0,44821.0,5.26
28,2008,29,Fairfax County,91.19%,6.08%,,58389.0,60593.0,3.77
29,2008,30,Fauquier County,86.92%,5.51%,55475.0,49595.0,53055.0,6.98
30,2008,31,Floyd County,83.15%,11.80%,29005.0,39871.0,41891.0,5.07
31,2008,32,Fluvanna County,90.03%,6.53%,34611.0,46405.0,49313.0,6.27
32,2008,34,Frederick County,83.35%,7.11%,39057.0,42960.0,45481.0,5.87
33,2008,35,Giles County,77.39%,14.78%,30351.0,38871.0,39804.0,2.4
34,2008,36,Gloucester County,78.59%,9.23%,40206.0,42925.0,44543.0,3.77
35,2008,37,Goochland County,80.91%,7.73%,69605.0,41778.0,42544.0,1.83
36,2008,38,Grayson County,83.74%,9.36%,26014.0,34470.0,36708.0,6.49
37,2008,39,Greene County,82.59%,11.61%,32492.0,37478.0,39212.0,4.63
38,2008,40,Greensville County,81.58%,14.04%,26044.0,42113.0,42103.0,-0.02
39,2008,41,Halifax County,81.99%,6.00%,28286.0,38104.0,39665.0,4.1
40,2008,42,Hanover County,91.73%,4.33%,45317.0,42733.0,44609.0,4.39
41,2008,43,Henrico County,81.97%,9.36%,47962.0,45085.0,46833.0,3.88
42,2008,44,Henry County,75.25%,16.21%,29638.0,37720.0,38302.0,1.54
43,2008,45,Highland County,96.15%,0.00%,31340.0,37795.0,41206.0,9.03
44,2008,46,Isle of Wight County,80.43%,17.17%,44430.0,41298.0,45989.0,11.36
45,2008,48,King George County,88.26%,9.06%,42910.0,42217.0,44936.0,6.44
46,2008,49,King and Queen County,60.34%,31.03%,33067.0,38803.0,40744.0,5.0
47,2008,50,King William County,92.55%,6.83%,38325.0,42664.0,42471.0,-0.45
48,2008,51,Lancaster County,88.00%,5.60%,46008.0,39156.0,42559.0,8.69
49,2008,52,Lee County,64.47%,29.61%,25031.0,40620.0,41701.0,2.66
50,2008,53,Loudoun County,93.57%,3.71%,62953.0,59819.0,60476.0,1.1
51,2008,54,Louisa County,81.92%,14.25%,35294.0,39010.0,47347.0,21.37
52,2008,55,Lunenburg County,74.34%,21.71%,24944.0,40309.0,42647.0,5.8
53,2008,56,Madison County,84.04%,8.51%,32892.0,40495.0,42577.0,5.14
54,2008,57,Mathews County,87.25%,3.92%,45413.0,38693.0,41041.0,6.07
55,2008,58,Mecklenburg County,82.46%,15.79%,27922.0,38429.0,40432.0,5.21
56,2008,59,Middlesex County,82.91%,10.26%,39181.0,37404.0,38979.0,4.21
57,2008,60,Montgomery County,80.27%,13.11%,28151.0,40330.0,42182.0,4.59
58,2008,62,Nelson County,80.11%,5.91%,35810.0,40848.0,42627.0,4.35
59,2008,63,New Kent County,80.00%,14.67%,50539.0,39887.0,41188.0,3.26
60,2008,65,Northampton County,73.81%,15.24%,35341.0,39429.0,42670.0,8.22
61,2008,66,Northumberland County,80.85%,9.93%,36305.0,44365.0,46644.0,5.14
62,2008,67,Nottoway County,76.56%,15.63%,29935.0,40033.0,39961.0,-0.18
63,2008,68,Orange County,85.44%,9.71%,36599.0,41882.0,43133.0,2.99
64,2008,69,Page County,80.43%,7.47%,29408.0,40043.0,41602.0,3.89
65,2008,70,Patrick County,85.52%,4.98%,25645.0,38081.0,39783.0,4.47
66,2008,71,Pittsylvania County,82.07%,14.85%,28046.0,38968.0,41202.0,5.73
67,2008,72,Powhatan County,90.49%,3.93%,40335.0,41523.0,45078.0,8.56
68,2008,73,Prince Edward County,78.48%,13.90%,23896.0,41459.0,42599.0,2.75
69,2008,74,Prince George County,77.96%,17.84%,32140.0,44529.0,45720.0,2.67
70,2008,75,Prince William County,83.20%,10.17%,,54915.0,58351.0,6.26
71,2008,77,Pulaski County,77.37%,10.16%,30240.0,37701.0,38890.0,3.15
72,2008,78,Rappahannock County,87.78%,7.78%,50867.0,43373.0,43490.0,0.27
73,2008,79,Richmond County,82.02%,12.36%,26549.0,42870.0,44150.0,2.99
74,2008,80,Roanoke County,89.78%,4.42%,42235.0,45891.0,46734.0,1.84
75,2008,81,Rockbridge County,74.91%,9.82%,,38168.0,40043.0,4.91
76,2008,82,Rockingham County,88.95%,6.25%,30321.0,41390.0,43154.0,4.26
77,2008,83,Russell County,85.71%,6.59%,28100.0,35479.0,36054.0,1.62
78,2008,84,Scott County,90.57%,4.38%,26737.0,40877.0,41271.0,0.96
79,2008,85,Shenandoah County,85.66%,9.88%,33167.0,42805.0,44284.0,3.46
80,2008,86,Smyth County,83.41%,8.78%,27572.0,37211.0,36969.0,-0.65
81,2008,87,Southampton County,74.89%,15.32%,30794.0,40444.0,42082.0,4.05
82,2008,88,Spotsylvania County,80.15%,8.64%,40496.0,46496.0,49414.0,6.28
83,2008,89,Stafford County,86.53%,7.78%,45004.0,49068.0,51383.0,4.72
84,2008,90,Surry County,86.84%,11.84%,33487.0,44663.0,44351.0,-0.7
85,2008,91,Sussex County,73.24%,15.49%,26316.0,44115.0,44553.0,0.99
86,2008,92,Tazewell County,75.53%,13.00%,31319.0,39337.0,39944.0,1.55
87,2008,93,Warren County,84.87%,7.46%,36277.0,42427.0,43361.0,2.2
88,2008,94,Washington County,83.96%,6.76%,36944.0,38215.0,41560.0,8.75
89,2008,95,Westmoreland County,77.50%,10.00%,32996.0,40581.0,42707.0,5.24
90,2008,96,Wise County,83.01%,12.36%,27503.0,40831.0,42253.0,3.48
91,2008,97,Wythe County,83.84%,7.32%,29392.0,39026.0,41164.0,5.48
92,2008,98,York County,86.33%,3.88%,47798.0,46391.0,46925.0,1.15
93,2008,101,Alexandria City,76.62%,14.79%,,61000.0,65202.0,6.89
94,2008,102,Bristol City,77.44%,11.79%,36944.0,43619.0,43373.0,-0.57
95,2008,103,Buena Vista City,78.57%,11.22%,,42425.0,43262.0,1.97
96,2008,104,Charlottesville City,74.61%,17.87%,51484.0,48037.0,50325.0,4.76
97,2008,106,Colonial Heights City,72.73%,22.51%,,48999.0,47838.0,-2.37
98,2008,107,Covington City,73.63%,18.68%,31590.0,47465.0,44640.0,-5.95
99,2008,108,Danville City,74.25%,12.61%,28046.0,40064.0,43283.0,8.03
100,2008,109,Falls Church City,97.01%,0.00%,,57607.0,61887.0,7.43
101,2008,110,Fredericksburg City,75.78%,12.11%,,44864.0,44509.0,-0.79
102,2008,111,Galax City,92.41%,5.06%,27602.0,41001.0,41090.0,0.22
103,2008,112,Hampton City,71.95%,14.10%,,37507.0,37594.0,0.23
104,2008,113,Harrisonburg City,72.80%,16.58%,30321.0,43074.0,45195.0,4.92
105,2008,114,Hopewell City,58.31%,31.60%,32140.0,42351.0,42378.0,0.07
106,2008,115,Lynchburg City,73.83%,13.58%,31717.0,41209.0,44702.0,8.48
107,2008,116,Martinsville City,80.24%,14.11%,29638.0,45509.0,34465.0,-24.27
108,2008,117,Newport News City,72.80%,14.29%,,43812.0,44735.0,2.11
109,2008,118,Norfolk City,73.21%,15.92%,,44165.0,45288.0,2.54
110,2008,119,Norton City,83.93%,14.29%,27503.0,41518.0,43339.0,4.39
111,2008,120,Petersburg City,58.20%,33.48%,,38252.0,38998.0,1.95
112,2008,121,Portsmouth City,60.70%,26.77%,,32903.0,34924.0,6.14
113,2008,122,Radford City,85.94%,3.91%,28151.0,44199.0,45498.0,2.94
114,2008,123,Richmond City,65.64%,24.76%,,45873.0,46845.0,2.12
115,2008,124,Roanoke City,59.06%,23.58%,,45920.0,47392.0,3.2
116,2008,126,Staunton City,81.00%,8.14%,,38857.0,41087.0,5.74
117,2008,127,Suffolk City,72.15%,22.42%,,44844.0,47447.0,5.81
118,2008,128,Virginia Beach City,84.17%,7.01%,,47928.0,51102.0,6.62
119,2008,130,Waynesboro City,80.91%,8.71%,,43260.0,44056.0,1.84
120,2008,131,Williamsburg-James City County,79.72%,10.09%,,50831.0,52367.0,3.02
121,2008,132,Winchester City,76.17%,12.42%,39057.0,45022.0,45850.0,1.84
122,2008,135,Franklin City,63.79%,25.00%,,43176.0,43610.0,1.0
123,2008,136,Chesapeake City,87.62%,8.80%,,49005.0,51348.0,4.78
124,2008,139,Salem City,85.76%,6.67%,42235.0,49864.0,51211.0,2.7
125,2008,142,Poquoson City,94.71%,0.96%,47798.0,43972.0,43809.0,-0.37
126,2008,143,Manassas City,73.67%,13.26%,,55744.0,59709.0,7.11
127,2008,144,Manassas Park City,85.11%,10.64%,,53649.0,58247.0,8.57
128,2008,202,Colonial Beach,86.21%,6.90%,,39867.0,39792.0,-0.19
129,2008,207,West Point,94.03%,4.48%,,40797.0,41071.0,0.67
0,2009,1,Accomack County,69.92%,23.73%,32690.0,39973.0,39576.0,-0.99
1,2009,2,Albemarle County,89.49%,6.16%,48606.0,49580.0,51223.0,3.32
2,2009,3,Alleghany County,85.29%,9.31%,31000.0,44095.0,45580.0,3.37
3,2009,4,Amelia County,83.23%,8.70%,32116.0,40442.0,44349.0,9.66
4,2009,5,Amherst County,81.90%,10.71%,29736.0,41935.0,42816.0,2.1
5,2009,6,Appomattox County,81.71%,9.71%,31099.0,38755.0,41028.0,5.87
6,2009,7,Arlington County,84.47%,11.89%,74532.0,64447.0,67742.0,5.11
7,2009,8,Augusta County,82.38%,13.91%,,43075.0,44062.0,2.29
8,2009,9,Bath County,85.94%,10.94%,36004.0,42259.0,42037.0,-0.52
9,2009,10,Bedford County,87.54%,5.59%,36006.0,39694.0,40827.0,2.85
10,2009,11,Bland County,87.64%,3.37%,27560.0,37863.0,39761.0,5.01
11,2009,12,Botetourt County,85.18%,7.79%,39117.0,46561.0,47904.0,2.89
12,2009,13,Brunswick County,80.82%,9.59%,26804.0,37843.0,38596.0,1.99
13,2009,14,Buchanan County,82.54%,11.90%,29166.0,38686.0,39521.0,2.16
14,2009,15,Buckingham County,72.19%,17.65%,23239.0,39827.0,42097.0,5.7
15,2009,16,Campbell County,78.51%,9.73%,30882.0,41324.0,42204.0,2.13
16,2009,17,Caroline County,75.38%,14.29%,33454.0,43807.0,43301.0,-1.15
17,2009,18,Carroll County,84.89%,9.97%,27920.0,37024.0,36938.0,-0.23
18,2009,19,Charles City County,94.12%,2.94%,32708.0,40530.0,38511.0,-4.98
19,2009,20,Charlotte County,86.03%,7.26%,,40530.0,42040.0,3.73
20,2009,21,Chesterfield County,85.88%,10.10%,41995.0,46486.0,48180.0,3.64
21,2009,22,Clarke County,95.29%,2.09%,49672.0,46433.0,45402.0,-2.22
22,2009,23,Craig County,81.03%,13.79%,28845.0,43279.0,42430.0,-1.96
23,2009,24,Culpeper County,85.27%,8.33%,36083.0,44565.0,48348.0,8.49
24,2009,25,Cumberland County,75.32%,14.94%,27272.0,39714.0,39108.0,-1.53
25,2009,26,Dickenson County,81.77%,10.34%,26856.0,37146.0,39957.0,7.57
26,2009,27,Dinwiddie County,71.96%,15.23%,,44461.0,45181.0,1.62
27,2009,28,Essex County,86.23%,9.42%,33256.0,44821.0,42812.0,-4.48
28,2009,29,Fairfax County,90.36%,6.26%,,60593.0,62458.0,3.08
29,2009,30,Fauquier County,88.13%,4.95%,53179.0,53055.0,55179.0,4.0
30,2009,31,Floyd County,88.96%,11.04%,29246.0,41891.0,41896.0,0.01
31,2009,32,Fluvanna County,88.46%,5.59%,34121.0,49313.0,50991.0,3.4
32,2009,33,Franklin County,80.14%,12.09%,,43549.0,43837.0,0.66
33,2009,34,Frederick County,83.92%,6.51%,37658.0,45481.0,47085.0,3.53
34,2009,35,Giles County,78.49%,12.37%,30249.0,39804.0,40903.0,2.76
35,2009,36,Gloucester County,77.37%,11.03%,40091.0,44543.0,45857.0,2.95
36,2009,37,Goochland County,84.34%,7.07%,65674.0,42544.0,45358.0,6.62
37,2009,38,Grayson County,82.74%,9.14%,26134.0,36708.0,37108.0,1.09
38,2009,39,Greene County,90.52%,6.03%,32626.0,39212.0,36056.0,-8.05
39,2009,40,Greensville County,77.07%,20.00%,25668.0,42103.0,43318.0,2.89
40,2009,41,Halifax County,82.54%,3.23%,28451.0,39665.0,40518.0,2.15
41,2009,42,Hanover County,92.27%,3.62%,43550.0,44609.0,45002.0,0.88
42,2009,43,Henrico County,81.05%,10.21%,44970.0,46833.0,48776.0,4.15
43,2009,44,Henry County,81.29%,12.27%,29319.0,38302.0,40181.0,4.91
44,2009,45,Highland County,96.55%,3.45%,31869.0,41206.0,40337.0,-2.11
45,2009,46,Isle of Wight County,83.61%,11.34%,44438.0,45989.0,49741.0,8.16
46,2009,48,King George County,84.42%,10.90%,42953.0,44936.0,46172.0,2.75
47,2009,49,King and Queen County,85.29%,13.24%,33510.0,40744.0,42565.0,4.47
48,2009,50,King William County,90.07%,7.28%,36478.0,42471.0,45314.0,6.69
49,2009,51,Lancaster County,82.79%,10.66%,43315.0,42559.0,44186.0,3.82
50,2009,52,Lee County,65.47%,21.58%,25412.0,41701.0,40867.0,-2.0
51,2009,53,Loudoun County,93.69%,3.91%,61423.0,60476.0,57518.0,-4.89
52,2009,54,Louisa County,87.50%,9.75%,34267.0,47347.0,48304.0,2.02
53,2009,55,Lunenburg County,79.67%,18.70%,25477.0,42647.0,40124.0,-5.92
54,2009,56,Madison County,84.39%,8.67%,32246.0,42577.0,44253.0,3.94
55,2009,57,Mathews County,85.50%,7.63%,44819.0,41041.0,39263.0,-4.33
56,2009,58,Mecklenburg County,88.78%,8.42%,28491.0,40432.0,40632.0,0.5
57,2009,59,Middlesex County,84.96%,9.02%,37983.0,38979.0,39666.0,1.76
58,2009,60,Montgomery County,79.37%,14.29%,28427.0,42182.0,43672.0,3.53
59,2009,62,Nelson County,78.71%,7.10%,35890.0,42627.0,44422.0,4.21
60,2009,63,New Kent County,86.70%,5.96%,52807.0,41188.0,43297.0,5.12
61,2009,65,Northampton County,77.85%,10.13%,36309.0,42670.0,38407.0,-9.99
62,2009,66,Northumberland County,75.40%,17.46%,35983.0,46644.0,47263.0,1.33
63,2009,67,Nottoway County,80.00%,12.63%,29273.0,39961.0,42025.0,5.16
64,2009,68,Orange County,91.17%,2.86%,36862.0,43133.0,41800.0,-3.09
65,2009,69,Page County,84.08%,4.78%,29375.0,41602.0,43956.0,5.66
66,2009,70,Patrick County,88.69%,4.98%,25753.0,39783.0,40120.0,0.85
67,2009,71,Pittsylvania County,83.57%,11.77%,28406.0,41202.0,40924.0,-0.67
68,2009,72,Powhatan County,88.60%,5.56%,38750.0,45078.0,45637.0,1.24
69,2009,73,Prince Edward County,78.31%,15.34%,23760.0,42599.0,43507.0,2.13
70,2009,74,Prince George County,81.04%,11.78%,31381.0,45720.0,46996.0,2.79
71,2009,75,Prince William County,84.24%,9.06%,,58351.0,59656.0,2.24
72,2009,77,Pulaski County,84.76%,9.29%,29766.0,38890.0,42876.0,10.25
73,2009,78,Rappahannock County,92.55%,6.38%,49253.0,43490.0,45312.0,4.19
74,2009,79,Richmond County,88.24%,6.86%,26676.0,44150.0,45242.0,2.47
75,2009,80,Roanoke County,89.81%,6.07%,41467.0,46734.0,47698.0,2.06
76,2009,81,Rockbridge County,70.87%,16.50%,,40043.0,40621.0,1.44
77,2009,82,Rockingham County,87.54%,7.02%,29447.0,43154.0,44484.0,3.08
78,2009,83,Russell County,85.63%,7.34%,28383.0,36054.0,37006.0,2.64
79,2009,84,Scott County,92.52%,4.08%,26266.0,41271.0,43542.0,5.5
80,2009,85,Shenandoah County,86.40%,6.60%,32506.0,44284.0,44835.0,1.25
81,2009,86,Smyth County,84.39%,7.69%,27667.0,36969.0,42986.0,16.27
82,2009,87,Southampton County,80.00%,15.11%,30827.0,42082.0,43078.0,2.37
83,2009,88,Spotsylvania County,80.72%,7.65%,40817.0,49414.0,52291.0,5.82
84,2009,89,Stafford County,88.70%,5.95%,45692.0,51383.0,52251.0,1.69
85,2009,90,Surry County,72.94%,17.65%,33815.0,44351.0,44646.0,0.67
86,2009,91,Sussex County,69.86%,14.38%,26201.0,44553.0,45520.0,2.17
87,2009,92,Tazewell County,75.65%,13.01%,31231.0,39944.0,45520.0,13.96
88,2009,93,Warren County,88.44%,6.00%,35760.0,43361.0,43822.0,1.06
89,2009,94,Washington County,87.11%,4.96%,34833.0,41560.0,42599.0,2.5
90,2009,95,Westmoreland County,76.51%,9.40%,32952.0,42707.0,43386.0,1.59
91,2009,96,Wise County,84.24%,9.34%,28556.0,42253.0,44130.0,4.44
92,2009,97,Wythe County,81.89%,4.74%,28618.0,41164.0,42717.0,3.77
93,2009,98,York County,92.56%,3.40%,46890.0,46925.0,48136.0,2.58
94,2009,101,Alexandria City,77.76%,14.40%,,65202.0,68315.0,4.77
95,2009,102,Bristol City,79.06%,13.09%,34833.0,43373.0,43607.0,0.54
96,2009,103,Buena Vista City,83.33%,5.95%,,43262.0,42461.0,-1.85
97,2009,104,Charlottesville City,76.58%,14.56%,48606.0,50325.0,52985.0,5.29
98,2009,106,Colonial Heights City,86.32%,7.26%,,47838.0,50158.0,4.85
99,2009,107,Covington City,69.33%,18.67%,31000.0,44640.0,44710.0,0.16
100,2009,108,Danville City,77.67%,11.82%,28406.0,43283.0,44196.0,2.11
101,2009,109,Falls Church City,96.25%,0.63%,,61887.0,62875.0,1.6
102,2009,110,Fredericksburg City,72.87%,21.32%,,44509.0,46786.0,5.12
103,2009,111,Galax City,84.78%,10.87%,27920.0,41090.0,42162.0,2.61
104,2009,112,Hampton City,75.58%,12.62%,,37594.0,38320.0,1.93
105,2009,113,Harrisonburg City,80.64%,9.54%,29447.0,45195.0,45659.0,1.03
106,2009,114,Hopewell City,60.73%,24.47%,31381.0,42378.0,44687.0,5.45
107,2009,115,Lynchburg City,75.18%,14.31%,30882.0,44702.0,44858.0,0.35
108,2009,116,Martinsville City,85.12%,7.44%,29319.0,34465.0,44312.0,28.57
109,2009,117,Newport News City,74.44%,13.04%,,44735.0,45510.0,1.73
110,2009,118,Norfolk City,73.51%,14.99%,,45288.0,46161.0,1.93
111,2009,119,Norton City,87.50%,11.11%,28556.0,43339.0,44663.0,3.05
112,2009,120,Petersburg City,61.43%,25.95%,,38998.0,40797.0,4.61
113,2009,121,Portsmouth City,62.85%,25.69%,,34924.0,36924.0,5.73
114,2009,122,Radford City,84.00%,8.00%,28427.0,45498.0,46423.0,2.03
115,2009,123,Richmond City,68.67%,21.29%,,46845.0,48668.0,3.89
116,2009,124,Roanoke City,66.63%,20.36%,,47392.0,47244.0,-0.31
117,2009,126,Staunton City,76.75%,8.33%,,41087.0,42661.0,3.83
118,2009,127,Suffolk City,77.73%,15.02%,,47447.0,48129.0,1.44
119,2009,128,Virginia Beach City,85.31%,6.94%,,51102.0,52407.0,2.55
120,2009,130,Waynesboro City,80.73%,7.34%,,44056.0,45476.0,3.22
121,2009,131,Williamsburg-James City County,82.55%,9.08%,,52367.0,52545.0,0.34
122,2009,132,Winchester City,82.95%,12.14%,37658.0,45850.0,48498.0,5.77
123,2009,135,Franklin City,71.01%,19.57%,,43610.0,44938.0,3.05
124,2009,136,Chesapeake City,86.45%,8.55%,,51348.0,52885.0,2.99
125,2009,139,Salem City,88.29%,5.38%,41467.0,51211.0,52085.0,1.71
126,2009,142,Poquoson City,91.67%,5.00%,46890.0,43809.0,46574.0,6.31
127,2009,143,Manassas City,73.00%,16.03%,,59709.0,60455.0,1.25
128,2009,144,Manassas Park City,81.29%,9.68%,,58247.0,60417.0,3.73
129,2009,202,Colonial Beach,74.00%,8.00%,,39792.0,41032.0,3.12
130,2009,207,West Point,94.44%,1.85%,,41071.0,41731.0,1.61
0,2015,2,Albemarle County,94.38%,2.31%,62863.0,53521.0,54586.0,1.99
1,2015,3,Alleghany County,88.74%,5.63%,36461.0,48254.0,47477.0,-1.61
2,2015,4,Amelia County,93.79%,6.21%,42096.0,43357.0,49019.0,13.06
3,2015,5,Amherst County,89.25%,4.56%,34136.0,44779.0,45527.0,1.67
4,2015,6,Appomattox County,94.02%,3.80%,35295.0,40810.0,39904.0,-2.22
5,2015,7,Arlington County,92.92%,4.24%,86764.0,73626.0,73846.0,0.3
6,2015,8,Augusta County,91.60%,4.69%,,45519.0,47061.0,3.39
7,2015,9,Bath County,89.13%,2.17%,54459.0,45628.0,46784.0,2.53
8,2015,10,Bedford County,88.74%,5.03%,42471.0,42524.0,43653.0,2.65
9,2015,11,Bland County,91.36%,3.70%,33238.0,41685.0,43775.0,5.02
10,2015,12,Botetourt County,96.02%,2.24%,46710.0,48866.0,51189.0,4.75
11,2015,13,Brunswick County,83.75%,11.88%,30200.0,41333.0,41712.0,0.92
12,2015,14,Buchanan County,92.54%,3.73%,31720.0,38468.0,39840.0,3.57
13,2015,15,Buckingham County,90.91%,3.90%,27803.0,42521.0,42193.0,-0.77
14,2015,16,Campbell County,90.06%,3.67%,35723.0,41998.0,43257.0,3.0
15,2015,17,Caroline County,86.64%,6.16%,41264.0,49820.0,47144.0,-5.37
16,2015,18,Carroll County,89.00%,7.56%,32963.0,42644.0,44042.0,3.28
17,2015,19,Charles City County,98.25%,0.00%,41446.0,39107.0,45722.0,16.92
18,2015,20,Charlotte County,85.23%,4.55%,,43874.0,44298.0,0.97
19,2015,21,Chesterfield County,91.05%,5.87%,49375.0,48673.0,50087.0,2.9
20,2015,22,Clarke County,97.59%,0.00%,58921.0,50808.0,50728.0,-0.16
21,2015,23,Craig County,91.07%,7.14%,35948.0,41255.0,45277.0,9.75
22,2015,24,Culpeper County,92.38%,4.72%,42236.0,48667.0,48769.0,0.21
23,2015,25,Cumberland County,90.99%,8.11%,34994.0,45946.0,48069.0,4.62
24,2015,26,Dickenson County,82.93%,10.98%,29847.0,38960.0,38948.0,-0.03
25,2015,27,Dinwiddie County,81.66%,7.45%,,47078.0,47901.0,1.75
26,2015,28,Essex County,92.37%,4.24%,37832.0,47325.0,45007.0,-4.9
27,2015,29,Fairfax County,92.55%,5.57%,,63422.0,64580.0,1.83
28,2015,30,Fauquier County,94.05%,2.20%,64065.0,57743.0,56267.0,-2.56
29,2015,31,Floyd County,92.59%,4.44%,35062.0,43044.0,44747.0,3.96
30,2015,32,Fluvanna County,92.81%,3.27%,40335.0,49612.0,50524.0,1.84
31,2015,33,Franklin County,87.97%,5.57%,,43884.0,44974.0,2.48
32,2015,34,Frederick County,93.27%,3.52%,45630.0,49368.0,50689.0,2.68
33,2015,35,Giles County,88.73%,5.63%,36729.0,38762.0,40759.0,5.15
34,2015,36,Gloucester County,93.73%,3.61%,45393.0,48942.0,49567.0,1.28
35,2015,37,Goochland County,94.12%,3.74%,89296.0,45314.0,48187.0,6.34
36,2015,38,Grayson County,90.13%,7.89%,29193.0,36427.0,37245.0,2.25
37,2015,39,Greene County,95.26%,2.84%,40156.0,44158.0,44856.0,1.58
38,2015,40,Greensville County,91.72%,5.33%,28673.0,43966.0,46397.0,5.53
39,2015,41,Halifax County,88.50%,6.25%,33267.0,47241.0,38883.0,-17.69
40,2015,42,Hanover County,95.20%,3.32%,55285.0,48557.0,48334.0,-0.46
41,2015,43,Henrico County,90.14%,5.38%,59786.0,50594.0,50428.0,-0.33
42,2015,44,Henry County,88.46%,5.67%,35978.0,44655.0,44957.0,0.68
43,2015,45,Highland County,91.67%,0.00%,42645.0,45120.0,46255.0,2.52
44,2015,46,Isle of Wight County,92.01%,2.51%,50775.0,54556.0,54956.0,0.73
45,2015,48,King George County,95.58%,1.89%,52436.0,45465.0,47457.0,4.38
46,2015,49,King and Queen County,89.13%,4.35%,38250.0,47437.0,47586.0,0.31
47,2015,50,King William County,90.74%,3.70%,40995.0,44817.0,48618.0,8.48
48,2015,51,Lancaster County,90.24%,4.88%,52544.0,44682.0,47480.0,6.26
49,2015,52,Lee County,81.51%,8.68%,27435.0,38138.0,39243.0,2.9
50,2015,53,Loudoun County,95.97%,2.15%,70644.0,60798.0,61485.0,1.13
51,2015,54,Louisa County,90.38%,6.41%,38924.0,47144.0,48671.0,3.24
52,2015,55,Lunenburg County,88.57%,6.67%,30189.0,44865.0,44401.0,-1.03
53,2015,56,Madison County,95.21%,2.74%,47360.0,44429.0,44490.0,0.14
54,2015,57,Mathews County,92.98%,2.63%,51451.0,43168.0,44931.0,4.08
55,2015,58,Mecklenburg County,93.66%,4.03%,34233.0,43010.0,43750.0,1.72
56,2015,59,Middlesex County,94.74%,5.26%,45321.0,43217.0,43881.0,1.54
57,2015,60,Montgomery County,87.57%,6.97%,33933.0,45504.0,47338.0,4.03
58,2015,62,Nelson County,83.92%,6.29%,45787.0,48124.0,50967.0,5.91
59,2015,63,New Kent County,92.65%,1.22%,67309.0,45079.0,46996.0,4.25
60,2015,65,Northampton County,84.38%,9.38%,42784.0,37823.0,41427.0,9.53
61,2015,66,Northumberland County,94.50%,1.83%,46150.0,47221.0,48024.0,1.7
62,2015,67,Nottoway County,85.55%,10.40%,32431.0,47575.0,47793.0,0.46
63,2015,68,Orange County,90.73%,3.09%,45123.0,48980.0,47465.0,-3.09
64,2015,69,Page County,98.18%,0.73%,35794.0,42983.0,43358.0,0.87
65,2015,70,Patrick County,90.91%,5.56%,31388.0,42543.0,42447.0,-0.22
66,2015,71,Pittsylvania County,91.10%,6.16%,34703.0,42260.0,40865.0,-3.3
67,2015,72,Powhatan County,92.92%,2.06%,50209.0,49789.0,51846.0,4.13
68,2015,73,Prince Edward County,85.71%,9.71%,28446.0,45389.0,42916.0,-5.45
69,2015,74,Prince George County,85.15%,9.21%,35734.0,49469.0,51816.0,4.74
70,2015,75,Prince William County,91.42%,6.00%,,61863.0,62046.0,0.3
71,2015,77,Pulaski County,90.18%,4.91%,37086.0,43784.0,45209.0,3.25
72,2015,78,Rappahannock County,94.52%,2.74%,57479.0,49343.0,51519.0,4.41
73,2015,79,Richmond County,92.68%,3.66%,33668.0,49492.0,49185.0,-0.62
74,2015,80,Roanoke County,94.63%,3.13%,48989.0,50886.0,49968.0,-1.8
75,2015,81,Rockbridge County,92.43%,5.58%,,47363.0,45971.0,-2.94
76,2015,82,Rockingham County,91.23%,4.78%,37181.0,46585.0,47503.0,1.97
77,2015,83,Russell County,94.06%,4.38%,30799.0,37116.0,38804.0,4.55
78,2015,84,Scott County,94.42%,2.97%,30986.0,47555.0,45962.0,-3.35
79,2015,85,Shenandoah County,95.89%,2.05%,41102.0,46751.0,46694.0,-0.12
80,2015,86,Smyth County,93.31%,4.65%,34500.0,44590.0,43259.0,-2.98
81,2015,87,Southampton County,88.66%,5.67%,37347.0,43509.0,43171.0,-0.78
82,2015,88,Spotsylvania County,90.24%,4.66%,46331.0,53725.0,53178.0,-1.02
83,2015,89,Stafford County,92.50%,4.31%,50760.0,50864.0,53031.0,4.26
84,2015,90,Surry County,88.46%,3.85%,41014.0,50813.0,50198.0,-1.21
85,2015,91,Sussex County,89.16%,4.82%,28375.0,51839.0,52978.0,2.2
86,2015,92,Tazewell County,84.21%,7.55%,34658.0,42062.0,38762.0,-7.85
87,2015,93,Warren County,92.65%,2.61%,42294.0,48241.0,47916.0,-0.67
88,2015,94,Washington County,94.99%,2.89%,37843.0,47059.0,47414.0,0.75
89,2015,95,Westmoreland County,88.43%,6.61%,39429.0,44363.0,44675.0,0.7
90,2015,96,Wise County,91.78%,5.71%,30754.0,45692.0,49693.0,8.76
91,2015,97,Wythe County,90.51%,5.42%,32863.0,46890.0,47288.0,0.85
92,2015,98,York County,94.55%,3.63%,54201.0,48310.0,49883.0,3.26
93,2015,101,Alexandria City,79.95%,11.37%,,74682.0,72942.0,-2.33
94,2015,102,Bristol City,88.62%,3.59%,37843.0,46660.0,43926.0,-5.86
95,2015,103,Buena Vista City,84.21%,8.42%,,42528.0,40483.0,-4.81
96,2015,104,Charlottesville City,84.92%,9.51%,62863.0,55114.0,54886.0,-0.41
97,2015,106,Colonial Heights City,89.72%,5.61%,,51501.0,51300.0,-0.39
98,2015,107,Covington City,81.67%,10.00%,36461.0,49439.0,51141.0,3.44
99,2015,108,Danville City,79.05%,9.91%,34703.0,46948.0,47879.0,1.98
100,2015,109,Falls Church City,98.81%,0.00%,,65583.0,66589.0,1.53
101,2015,110,Fredericksburg City,82.76%,11.21%,,47201.0,49493.0,4.86
102,2015,111,Galax City,91.26%,2.91%,32963.0,46993.0,46328.0,-1.42
103,2015,112,Hampton City,87.98%,5.04%,,45029.0,47516.0,5.52
104,2015,113,Harrisonburg City,89.47%,3.51%,37181.0,44237.0,43974.0,-0.6
105,2015,114,Hopewell City,81.91%,13.31%,35734.0,46797.0,48013.0,2.6
106,2015,115,Lynchburg City,82.30%,7.18%,35723.0,41089.0,39037.0,-4.99
107,2015,116,Martinsville City,80.89%,7.01%,35978.0,44623.0,43210.0,-3.17
108,2015,117,Newport News City,89.50%,2.77%,,48192.0,49682.0,3.09
109,2015,118,Norfolk City,80.65%,5.78%,,48929.0,49908.0,2.0
110,2015,119,Norton City,94.83%,1.72%,30754.0,41039.0,41463.0,1.03
111,2015,120,Petersburg City,70.93%,8.30%,,41139.0,42150.0,2.46
112,2015,121,Portsmouth City,86.99%,4.95%,,38183.0,38872.0,1.8
113,2015,122,Radford City,96.69%,0.83%,33933.0,49967.0,50428.0,0.92
114,2015,123,Richmond City,81.34%,11.90%,,48921.0,50148.0,2.51
115,2015,124,Roanoke City,85.60%,10.32%,,47363.0,50509.0,6.64
116,2015,126,Staunton City,91.01%,3.70%,,43979.0,46730.0,6.26
117,2015,127,Suffolk City,86.16%,9.55%,,49158.0,49809.0,1.32
118,2015,128,Virginia Beach City,89.79%,5.22%,,54875.0,56048.0,2.14
119,2015,130,Waynesboro City,79.74%,7.76%,,45209.0,47484.0,5.03
120,2015,131,Williamsburg-James City County,90.93%,1.63%,,52037.0,52920.0,1.7
121,2015,132,Winchester City,92.71%,2.43%,45630.0,54404.0,53910.0,-0.91
122,2015,135,Franklin City,82.28%,10.13%,,44257.0,46430.0,4.91
123,2015,136,Chesapeake City,93.03%,3.23%,,54830.0,56484.0,3.02
124,2015,139,Salem City,94.20%,2.61%,48989.0,56207.0,55115.0,-1.94
125,2015,142,Poquoson City,94.82%,1.04%,54201.0,48113.0,46887.0,-2.55
126,2015,143,Manassas City,86.24%,7.56%,,62347.0,62534.0,0.3
127,2015,144,Manassas Park City,87.92%,8.70%,,56323.0,58089.0,3.13
128,2015,202,Colonial Beach,92.86%,7.14%,,40116.0,41498.0,3.45
129,2015,207,West Point,98.44%,1.56%,,40911.0,37914.0,-7.33
0,2014,1,Accomack County,90.12%,5.23%,37338.0,38727.0,40596.0,4.83
1,2014,2,Albemarle County,94.91%,2.20%,59879.0,50959.0,53521.0,5.03
2,2014,3,Alleghany County,87.16%,6.42%,34614.0,47184.0,48254.0,2.27
3,2014,4,Amelia County,93.89%,5.34%,39861.0,45581.0,43357.0,-4.88
4,2014,5,Amherst County,88.71%,4.84%,33012.0,43609.0,44779.0,2.68
5,2014,6,Appomattox County,91.40%,3.76%,33776.0,40133.0,40810.0,1.69
6,2014,7,Arlington County,90.21%,5.54%,84081.0,69185.0,73626.0,6.42
7,2014,8,Augusta County,93.00%,3.74%,,43669.0,45519.0,4.24
8,2014,9,Bath County,87.27%,9.09%,50182.0,43288.0,45628.0,5.41
9,2014,10,Bedford County,87.31%,6.40%,40798.0,41599.0,42524.0,2.22
10,2014,11,Bland County,88.46%,7.69%,31744.0,42225.0,41685.0,-1.28
11,2014,12,Botetourt County,93.95%,1.94%,45113.0,47622.0,48866.0,2.61
12,2014,13,Brunswick County,84.43%,8.98%,29028.0,39404.0,41333.0,4.9
13,2014,14,Buchanan County,88.08%,5.77%,32032.0,40044.0,38468.0,-3.94
14,2014,15,Buckingham County,92.62%,6.04%,26771.0,40797.0,42521.0,4.23
15,2014,16,Campbell County,87.01%,4.38%,35387.0,40884.0,41998.0,2.73
16,2014,17,Caroline County,87.13%,4.62%,37123.0,42523.0,49820.0,17.16
17,2014,18,Carroll County,91.56%,5.19%,31719.0,40442.0,42644.0,5.44
18,2014,19,Charles City County,95.74%,2.13%,39910.0,40408.0,39107.0,-3.22
19,2014,20,Charlotte County,92.07%,3.05%,,41057.0,43874.0,6.86
20,2014,21,Chesterfield County,91.46%,5.52%,47005.0,47273.0,48673.0,2.96
21,2014,22,Clarke County,100.00%,0.00%,55409.0,46852.0,50808.0,8.44
22,2014,23,Craig County,89.09%,5.45%,33803.0,41442.0,41255.0,-0.45
23,2014,24,Culpeper County,91.97%,3.59%,40433.0,47252.0,48667.0,2.99
24,2014,25,Cumberland County,91.23%,4.39%,33468.0,44634.0,45946.0,2.94
25,2014,26,Dickenson County,88.77%,7.49%,29029.0,42123.0,38960.0,-7.51
26,2014,27,Dinwiddie County,81.30%,9.49%,,45107.0,47078.0,4.37
27,2014,28,Essex County,84.92%,7.14%,36919.0,45899.0,47325.0,3.11
28,2014,29,Fairfax County,92.65%,5.38%,,63203.0,63422.0,0.35
29,2014,30,Fauquier County,95.13%,2.09%,60614.0,54975.0,57743.0,5.03
30,2014,31,Floyd County,91.62%,5.03%,33675.0,42542.0,43044.0,1.18
31,2014,32,Fluvanna County,91.88%,2.95%,38320.0,50376.0,49612.0,-1.52
32,2014,33,Franklin County,86.89%,6.64%,,43895.0,43884.0,-0.02
33,2014,34,Frederick County,90.28%,4.61%,43412.0,47490.0,49368.0,3.95
34,2014,35,Giles County,82.69%,6.73%,35850.0,38340.0,38762.0,1.1
35,2014,36,Gloucester County,92.62%,3.38%,43453.0,46108.0,48942.0,6.15
36,2014,37,Goochland County,96.17%,1.64%,82989.0,43212.0,45314.0,4.86
37,2014,38,Grayson County,83.97%,8.97%,28405.0,36507.0,36427.0,-0.22
38,2014,39,Greene County,91.98%,2.14%,38254.0,44959.0,44158.0,-1.78
39,2014,40,Greensville County,85.71%,10.86%,28309.0,44913.0,43966.0,-2.11
40,2014,41,Halifax County,88.52%,6.22%,32228.0,41869.0,47241.0,12.83
41,2014,42,Hanover County,96.20%,2.16%,52132.0,48174.0,48557.0,0.8
42,2014,43,Henrico County,88.99%,6.62%,57345.0,51723.0,50594.0,-2.18
43,2014,44,Henry County,87.99%,5.56%,34532.0,43860.0,44655.0,1.81
44,2014,45,Highland County,89.47%,10.53%,41581.0,43734.0,45120.0,3.17
45,2014,46,Isle of Wight County,92.57%,4.50%,48908.0,53025.0,54556.0,2.89
46,2014,48,King George County,92.70%,5.08%,48193.0,47401.0,45465.0,-4.08
47,2014,49,King and Queen County,86.27%,5.88%,36322.0,48784.0,47437.0,-2.76
48,2014,50,King William County,92.62%,2.01%,38656.0,46382.0,44817.0,-3.38
49,2014,51,Lancaster County,92.31%,5.77%,49853.0,42685.0,44682.0,4.68
50,2014,52,Lee County,87.02%,6.11%,26735.0,40343.0,38138.0,-5.47
51,2014,53,Loudoun County,95.20%,2.34%,68307.0,60646.0,60798.0,0.25
52,2014,54,Louisa County,91.02%,6.89%,36831.0,47013.0,47144.0,0.28
53,2014,55,Lunenburg County,88.18%,7.27%,29376.0,47668.0,44865.0,-5.88
54,2014,56,Madison County,94.64%,0.60%,46183.0,43103.0,44429.0,3.08
55,2014,57,Mathews County,91.26%,5.83%,49453.0,40404.0,43168.0,6.84
56,2014,58,Mecklenburg County,92.47%,4.84%,32989.0,48805.0,43010.0,-11.87
57,2014,59,Middlesex County,92.96%,2.82%,42614.0,42099.0,43217.0,2.66
58,2014,60,Montgomery County,86.40%,6.46%,32318.0,46297.0,45504.0,-1.71
59,2014,62,Nelson County,87.33%,5.33%,43162.0,47432.0,48124.0,1.46
60,2014,63,New Kent County,90.65%,4.88%,64900.0,46128.0,45079.0,-2.27
61,2014,65,Northampton County,82.57%,6.42%,40360.0,36962.0,37823.0,2.33
62,2014,66,Northumberland County,86.99%,10.57%,44690.0,48748.0,47221.0,-3.13
63,2014,67,Nottoway County,87.71%,6.15%,31029.0,47509.0,47575.0,0.14
64,2014,68,Orange County,90.70%,2.51%,43150.0,45567.0,48980.0,7.49
65,2014,69,Page County,96.70%,1.47%,33965.0,41014.0,42983.0,4.8
66,2014,70,Patrick County,91.00%,7.50%,30091.0,41441.0,42543.0,2.66
67,2014,71,Pittsylvania County,90.57%,7.43%,33350.0,41076.0,42260.0,2.88
68,2014,72,Powhatan County,87.92%,4.21%,46350.0,47646.0,49789.0,4.5
69,2014,73,Prince Edward County,83.24%,9.83%,27426.0,44127.0,45389.0,2.86
70,2014,74,Prince George County,87.74%,8.49%,35338.0,49658.0,49469.0,-0.38
71,2014,75,Prince William County,90.52%,6.49%,,61855.0,61863.0,0.01
72,2014,77,Pulaski County,88.62%,6.78%,35586.0,42420.0,43784.0,3.22
73,2014,78,Rappahannock County,98.39%,1.61%,56231.0,45941.0,49343.0,7.41
74,2014,79,Richmond County,87.63%,2.06%,31932.0,47626.0,49492.0,3.92
75,2014,80,Roanoke County,95.36%,3.52%,46401.0,48267.0,50886.0,5.43
76,2014,81,Rockbridge County,80.15%,14.98%,,45216.0,47363.0,4.75
77,2014,82,Rockingham County,94.19%,4.06%,35521.0,45039.0,46585.0,3.43
78,2014,83,Russell County,92.57%,5.26%,29954.0,36271.0,37116.0,2.33
79,2014,84,Scott County,94.74%,4.56%,29908.0,45582.0,47555.0,4.33
80,2014,85,Shenandoah County,95.38%,2.12%,39297.0,44177.0,46751.0,5.83
81,2014,86,Smyth County,91.35%,5.95%,33579.0,43590.0,44590.0,2.29
82,2014,87,Southampton County,85.51%,9.35%,36055.0,44012.0,43509.0,-1.14
83,2014,88,Spotsylvania County,88.92%,4.58%,44792.0,51373.0,53725.0,4.58
84,2014,89,Stafford County,90.59%,5.34%,49152.0,53038.0,50864.0,-4.1
85,2014,90,Surry County,92.86%,7.14%,37939.0,50020.0,50813.0,1.59
86,2014,91,Sussex County,84.88%,2.33%,27845.0,51080.0,51839.0,1.49
87,2014,92,Tazewell County,84.06%,6.42%,34177.0,42846.0,42062.0,-1.83
88,2014,93,Warren County,93.47%,2.70%,39336.0,45096.0,48241.0,6.97
89,2014,94,Washington County,93.00%,2.90%,37843.0,44205.0,47059.0,6.46
90,2014,95,Westmoreland County,80.91%,8.18%,38106.0,41794.0,44363.0,6.15
91,2014,96,Wise County,91.45%,4.82%,30288.0,47487.0,45692.0,-3.78
92,2014,97,Wythe County,87.38%,8.62%,31664.0,44752.0,46890.0,4.78
93,2014,98,York County,94.46%,2.53%,53697.0,48101.0,48310.0,0.43
94,2014,101,Alexandria City,84.31%,9.22%,,70696.0,74682.0,5.64
95,2014,102,Bristol City,86.67%,5.45%,37843.0,45342.0,46660.0,2.91
96,2014,103,Buena Vista City,85.23%,9.09%,,41397.0,42528.0,2.73
97,2014,104,Charlottesville City,88.50%,5.57%,59879.0,52790.0,55114.0,4.4
98,2014,106,Colonial Heights City,94.83%,2.59%,,50451.0,51501.0,2.08
99,2014,107,Covington City,79.73%,13.51%,34614.0,51412.0,49439.0,-3.84
100,2014,108,Danville City,75.74%,5.45%,33350.0,45898.0,46948.0,2.29
101,2014,109,Falls Church City,98.40%,0.53%,,63273.0,65583.0,3.65
102,2014,110,Fredericksburg City,83.19%,12.50%,,45704.0,47201.0,3.28
103,2014,111,Galax City,86.17%,2.13%,31719.0,45100.0,46993.0,4.2
104,2014,112,Hampton City,83.81%,5.06%,,45137.0,45029.0,-0.24
105,2014,113,Harrisonburg City,86.70%,7.76%,35521.0,45439.0,44237.0,-2.65
106,2014,114,Hopewell City,79.51%,11.11%,35338.0,45013.0,46797.0,3.96
107,2014,115,Lynchburg City,81.16%,8.76%,35387.0,41960.0,41089.0,-2.08
108,2014,116,Martinsville City,86.67%,8.00%,34532.0,42969.0,44623.0,3.85
109,2014,117,Newport News City,87.93%,2.76%,,48228.0,48192.0,-0.07
110,2014,118,Norfolk City,78.95%,7.97%,,48967.0,48929.0,-0.08
111,2014,119,Norton City,84.62%,4.62%,30288.0,40934.0,41039.0,0.26
112,2014,120,Petersburg City,82.35%,8.67%,,40644.0,41139.0,1.22
113,2014,121,Portsmouth City,85.09%,6.39%,,36517.0,38183.0,4.56
114,2014,122,Radford City,92.23%,3.88%,32318.0,48016.0,49967.0,4.06
115,2014,123,Richmond City,80.49%,13.57%,,50485.0,48921.0,-3.1
116,2014,124,Roanoke City,83.41%,12.24%,,48039.0,47363.0,-1.41
117,2014,126,Staunton City,90.00%,3.53%,,41588.0,43979.0,5.75
118,2014,127,Suffolk City,86.43%,8.83%,,48516.0,49158.0,1.32
119,2014,128,Virginia Beach City,88.49%,4.80%,,53201.0,54875.0,3.15
120,2014,130,Waynesboro City,92.89%,2.37%,,44929.0,45209.0,0.62
121,2014,131,Williamsburg-James City County,90.53%,4.04%,,51572.0,52037.0,0.9
122,2014,132,Winchester City,90.51%,6.44%,43412.0,51256.0,54404.0,6.14
123,2014,135,Franklin City,84.44%,10.00%,,45159.0,44257.0,-2.0
124,2014,136,Chesapeake City,92.93%,2.82%,,53043.0,54830.0,3.37
125,2014,139,Salem City,90.79%,3.49%,46401.0,54493.0,56207.0,3.15
126,2014,142,Poquoson City,96.37%,2.07%,53697.0,45984.0,48113.0,4.63
127,2014,143,Manassas City,86.27%,4.64%,,63340.0,62347.0,-1.57
128,2014,144,Manassas Park City,87.50%,9.24%,,56934.0,56323.0,-1.07
129,2014,202,Colonial Beach,89.66%,5.17%,,38843.0,40116.0,3.28
130,2014,207,West Point,97.37%,0.00%,,41751.0,40911.0,-2.01
0,2016,1,Accomack County,88.64%,7.07%,39232.0,40949.0,43712.0,6.75
1,2016,2,Albemarle County,95.20%,2.69%,66406.0,54586.0,54449.0,-0.25
2,2016,3,Alleghany County,92.92%,4.87%,36998.0,47477.0,48507.0,2.17
3,2016,4,Amelia County,96.79%,3.21%,42090.0,49019.0,49150.0,0.27
4,2016,5,Amherst County,91.04%,2.69%,34754.0,45527.0,45111.0,-0.91
5,2016,6,Appomattox County,92.35%,4.12%,35962.0,39904.0,38949.0,-2.39
6,2016,7,Arlington County,91.10%,5.46%,88181.0,73846.0,74534.0,0.93
7,2016,8,Augusta County,92.15%,4.88%,,47061.0,48602.0,3.27
8,2016,9,Bath County,93.75%,2.08%,57250.0,46784.0,48410.0,3.48
9,2016,10,Bedford County,92.94%,4.90%,42988.0,43653.0,40986.0,-6.11
10,2016,11,Bland County,90.77%,9.23%,33544.0,43775.0,42605.0,-2.67
11,2016,12,Botetourt County,95.52%,2.12%,47604.0,51189.0,51293.0,0.2
12,2016,13,Brunswick County,82.47%,12.99%,30982.0,41712.0,40223.0,-3.57
13,2016,14,Buchanan County,86.02%,6.78%,31440.0,39840.0,41429.0,3.99
14,2016,15,Buckingham County,91.03%,6.90%,28018.0,42193.0,41477.0,-1.7
15,2016,16,Campbell County,89.95%,4.33%,35617.0,43257.0,43305.0,0.11
16,2016,17,Caroline County,88.46%,6.64%,39257.0,47144.0,48630.0,3.15
17,2016,18,Carroll County,92.36%,5.21%,33494.0,44042.0,45563.0,3.45
18,2016,19,Charles City County,98.44%,0.00%,42688.0,45722.0,43666.0,-4.5
19,2016,20,Charlotte County,90.58%,6.52%,,44298.0,46244.0,4.39
20,2016,21,Chesterfield County,90.88%,6.43%,50536.0,50087.0,50281.0,0.39
21,2016,22,Clarke County,97.54%,1.48%,62397.0,50728.0,50152.0,-1.13
22,2016,23,Craig County,95.65%,2.17%,34981.0,45277.0,41580.0,-8.17
23,2016,24,Culpeper County,92.73%,3.98%,43617.0,48769.0,49318.0,1.13
24,2016,25,Cumberland County,91.35%,5.77%,35558.0,48069.0,48098.0,0.06
25,2016,26,Dickenson County,90.40%,6.06%,29593.0,38948.0,39429.0,1.24
26,2016,27,Dinwiddie County,87.46%,6.12%,,47901.0,47890.0,-0.02
27,2016,28,Essex County,86.86%,8.76%,38657.0,45007.0,46012.0,2.23
28,2016,29,Fairfax County,92.30%,6.23%,,64580.0,64924.0,0.53
29,2016,30,Fauquier County,95.22%,2.08%,65514.0,56267.0,53705.0,-4.55
30,2016,31,Floyd County,92.68%,6.71%,35755.0,44747.0,45327.0,1.3
31,2016,32,Fluvanna County,94.37%,2.46%,41347.0,50524.0,52409.0,3.73
32,2016,33,Franklin County,91.59%,5.28%,,44974.0,47032.0,4.58
33,2016,34,Frederick County,93.47%,2.91%,47308.0,50689.0,51503.0,1.61
34,2016,35,Giles County,85.13%,11.28%,37219.0,40759.0,41061.0,0.74
35,2016,36,Gloucester County,90.54%,4.02%,46700.0,49567.0,49117.0,-0.91
36,2016,37,Goochland County,97.13%,2.39%,91058.0,48187.0,49275.0,2.26
37,2016,38,Grayson County,90.58%,2.90%,30096.0,37245.0,37643.0,1.07
38,2016,39,Greene County,93.26%,5.70%,41450.0,44856.0,47375.0,5.62
39,2016,40,Greensville County,85.39%,6.74%,29984.0,46397.0,47571.0,2.53
40,2016,41,Halifax County,93.35%,3.94%,34311.0,38883.0,38503.0,-0.98
41,2016,42,Hanover County,95.36%,2.85%,57095.0,48334.0,49795.0,3.02
42,2016,43,Henrico County,91.04%,5.91%,61598.0,50428.0,50050.0,-0.75
43,2016,44,Henry County,91.34%,5.05%,36950.0,44957.0,46152.0,2.66
44,2016,45,Highland County,100.00%,0.00%,41757.0,46255.0,48785.0,5.47
45,2016,46,Isle of Wight County,92.71%,4.10%,51692.0,54956.0,54801.0,-0.28
46,2016,48,King George County,94.84%,3.72%,49815.0,47457.0,48221.0,1.61
47,2016,49,King and Queen County,82.35%,9.80%,39754.0,47586.0,47285.0,-0.63
48,2016,50,King William County,89.14%,10.86%,43922.0,48618.0,49740.0,2.31
49,2016,51,Lancaster County,89.72%,8.41%,54706.0,47480.0,45972.0,-3.18
50,2016,52,Lee County,85.42%,8.33%,27962.0,39243.0,41757.0,6.41
51,2016,53,Loudoun County,95.94%,2.56%,73467.0,61485.0,64284.0,4.55
52,2016,54,Louisa County,92.73%,5.45%,39435.0,48671.0,50016.0,2.76
53,2016,55,Lunenburg County,82.11%,10.57%,31257.0,44401.0,44658.0,0.58
54,2016,56,Madison County,96.45%,1.42%,48590.0,44490.0,42804.0,-3.79
55,2016,57,Mathews County,96.40%,0.90%,52329.0,44931.0,43299.0,-3.63
56,2016,58,Mecklenburg County,90.81%,4.20%,34820.0,43750.0,42899.0,-1.94
57,2016,59,Middlesex County,89.89%,5.62%,46455.0,43881.0,42996.0,-2.02
58,2016,60,Montgomery County,94.47%,3.95%,34754.0,47338.0,49605.0,4.79
59,2016,62,Nelson County,91.98%,4.94%,47426.0,50967.0,51207.0,0.47
60,2016,63,New Kent County,92.59%,4.63%,65411.0,46996.0,47282.0,0.61
61,2016,65,Northampton County,86.79%,7.55%,44636.0,41427.0,41883.0,1.1
62,2016,66,Northumberland County,93.94%,4.04%,48409.0,48024.0,47630.0,-0.82
63,2016,67,Nottoway County,87.82%,8.97%,33046.0,47793.0,46321.0,-3.08
64,2016,68,Orange County,93.75%,3.13%,46427.0,47465.0,49388.0,4.05
65,2016,69,Page County,97.35%,0.38%,36496.0,43358.0,44398.0,2.4
66,2016,70,Patrick County,91.37%,4.57%,31972.0,42447.0,43147.0,1.65
67,2016,71,Pittsylvania County,93.09%,6.06%,35505.0,40865.0,43074.0,5.41
68,2016,72,Powhatan County,94.89%,3.13%,52697.0,51846.0,52829.0,1.9
69,2016,73,Prince Edward County,90.42%,6.59%,29395.0,42916.0,41386.0,-3.56
70,2016,74,Prince George County,88.34%,5.40%,36274.0,51816.0,51766.0,-0.1
71,2016,75,Prince William County,91.67%,5.67%,,62046.0,63521.0,2.38
72,2016,77,Pulaski County,92.97%,3.67%,37497.0,45209.0,44823.0,-0.85
73,2016,78,Rappahannock County,89.39%,1.52%,59095.0,51519.0,51609.0,0.17
74,2016,79,Richmond County,94.38%,4.49%,35155.0,49185.0,48865.0,-0.65
75,2016,80,Roanoke County,94.08%,4.05%,49605.0,49968.0,49719.0,-0.5
76,2016,81,Rockbridge County,91.08%,7.81%,,45971.0,47534.0,3.4
77,2016,82,Rockingham County,94.17%,4.69%,37255.0,47503.0,48941.0,3.03
78,2016,83,Russell County,93.27%,3.53%,31168.0,38804.0,39079.0,0.71
79,2016,84,Scott County,94.60%,4.68%,31480.0,45962.0,46362.0,0.87
80,2016,85,Shenandoah County,94.70%,2.75%,41788.0,46694.0,47424.0,1.56
81,2016,86,Smyth County,95.47%,3.63%,35351.0,43259.0,43223.0,-0.08
82,2016,87,Southampton County,86.91%,6.81%,38412.0,43171.0,44819.0,3.82
83,2016,88,Spotsylvania County,89.60%,5.78%,47547.0,53178.0,54212.0,1.94
84,2016,89,Stafford County,92.93%,4.12%,51868.0,53031.0,53303.0,0.51
85,2016,90,Surry County,95.52%,4.48%,40453.0,50198.0,51163.0,1.92
86,2016,91,Sussex County,89.77%,5.68%,28826.0,52978.0,49901.0,-5.81
87,2016,92,Tazewell County,92.07%,4.27%,34029.0,38762.0,37499.0,-3.26
88,2016,93,Warren County,92.90%,3.77%,44075.0,47916.0,47289.0,-1.31
89,2016,94,Washington County,96.57%,1.52%,36841.0,47414.0,47751.0,0.71
90,2016,95,Westmoreland County,90.00%,5.00%,40951.0,44675.0,45297.0,1.39
91,2016,96,Wise County,94.04%,4.86%,30471.0,49693.0,47463.0,-4.49
92,2016,97,Wythe County,91.64%,7.69%,33183.0,47288.0,46744.0,-1.15
93,2016,98,York County,96.25%,1.83%,55344.0,49883.0,51247.0,2.73
94,2016,101,Alexandria City,82.40%,10.56%,,72942.0,73675.0,1.0
95,2016,102,Bristol City,89.66%,4.60%,36841.0,43926.0,42972.0,-2.17
96,2016,103,Buena Vista City,79.22%,11.69%,,40483.0,40131.0,-0.87
97,2016,104,Charlottesville City,89.42%,7.66%,66406.0,54886.0,56214.0,2.42
98,2016,106,Colonial Heights City,93.42%,1.75%,,51300.0,50153.0,-2.24
99,2016,107,Covington City,79.69%,14.06%,36998.0,51141.0,48040.0,-6.06
100,2016,108,Danville City,81.01%,7.27%,35505.0,47879.0,47712.0,-0.35
101,2016,109,Falls Church City,99.47%,0.53%,,66589.0,69686.0,4.65
102,2016,110,Fredericksburg City,88.65%,8.51%,,49493.0,51498.0,4.05
103,2016,111,Galax City,86.36%,8.18%,33494.0,46328.0,47259.0,2.01
104,2016,112,Hampton City,90.54%,2.78%,,47516.0,47413.0,-0.22
105,2016,113,Harrisonburg City,89.37%,6.32%,37255.0,43974.0,43616.0,-0.81
106,2016,114,Hopewell City,85.14%,11.49%,36274.0,48013.0,45443.0,-5.35
107,2016,115,Lynchburg City,85.55%,8.07%,35617.0,39037.0,47337.0,21.26
108,2016,116,Martinsville City,85.96%,6.43%,36950.0,43210.0,46839.0,8.4
109,2016,117,Newport News City,92.10%,2.41%,,49682.0,50219.0,1.08
110,2016,118,Norfolk City,84.94%,6.25%,,49908.0,48118.0,-3.59
111,2016,119,Norton City,98.25%,0.00%,30471.0,41463.0,39660.0,-4.35
112,2016,120,Petersburg City,84.31%,7.30%,,42150.0,42814.0,1.58
113,2016,121,Portsmouth City,89.00%,4.66%,,38872.0,51576.0,32.68
114,2016,122,Radford City,95.83%,3.33%,34754.0,50428.0,50288.0,-0.28
115,2016,123,Richmond City,80.50%,9.92%,,50148.0,50522.0,0.75
116,2016,124,Roanoke City,87.47%,10.46%,,50509.0,47845.0,-5.27
117,2016,126,Staunton City,91.09%,4.95%,,46730.0,46208.0,-1.12
118,2016,127,Suffolk City,87.04%,7.76%,,49809.0,51375.0,3.14
119,2016,128,Virginia Beach City,91.35%,4.65%,,56048.0,56128.0,0.14
120,2016,130,Waynesboro City,82.63%,7.20%,,47484.0,44594.0,-6.09
121,2016,131,Williamsburg-James City County,91.63%,4.13%,,52920.0,54554.0,3.09
122,2016,132,Winchester City,91.09%,5.28%,47308.0,53910.0,54376.0,0.86
123,2016,135,Franklin City,88.89%,5.56%,,46430.0,45592.0,-1.8
124,2016,136,Chesapeake City,93.41%,3.64%,,56484.0,56156.0,-0.58
125,2016,137,Lexington City,<,<,,39402.0,40127.0,1.84
126,2016,139,Salem City,94.86%,4.11%,49605.0,55115.0,55353.0,0.43
127,2016,142,Poquoson City,92.39%,3.05%,55344.0,46887.0,48519.0,3.48
128,2016,143,Manassas City,79.82%,8.65%,,62534.0,64124.0,2.54
129,2016,144,Manassas Park City,86.32%,10.68%,,58089.0,58942.0,1.47
130,2016,202,Colonial Beach,95.24%,4.76%,,41498.0,46141.0,11.19
131,2016,207,West Point,98.15%,1.85%,,37914.0,39637.0,4.55
0,2013,1,Accomack County,85.80%,7.25%,36129.0,38600.0,38727.0,0.33
1,2013,2,Albemarle County,93.51%,3.39%,56553.0,51512.0,50959.0,-1.07
2,2013,3,Alleghany County,85.60%,4.00%,33156.0,47114.0,47184.0,0.15
3,2013,4,Amelia County,93.28%,4.48%,38846.0,44762.0,45581.0,1.83
4,2013,5,Amherst County,86.32%,3.95%,31501.0,43684.0,43609.0,-0.17
5,2013,6,Appomattox County,80.13%,7.69%,32400.0,41177.0,40133.0,-2.54
6,2013,7,Arlington County,89.62%,7.32%,80077.0,68979.0,69185.0,0.3
7,2013,8,Augusta County,93.71%,3.09%,,43692.0,43669.0,-0.05
8,2013,9,Bath County,90.63%,7.81%,47029.0,41715.0,43288.0,3.77
9,2013,10,Bedford County,90.65%,5.26%,39519.0,41023.0,41599.0,1.4
10,2013,11,Bland County,94.81%,5.19%,31238.0,41583.0,42225.0,1.54
11,2013,12,Botetourt County,95.32%,1.97%,43476.0,48130.0,47622.0,-1.05
12,2013,13,Brunswick County,85.53%,7.89%,28193.0,39216.0,39404.0,0.48
13,2013,14,Buchanan County,92.08%,4.53%,31506.0,39532.0,40044.0,1.3
14,2013,15,Buckingham County,89.56%,8.79%,25670.0,42426.0,40797.0,-3.84
15,2013,16,Campbell County,88.41%,4.18%,33944.0,41605.0,40884.0,-1.73
16,2013,17,Caroline County,84.98%,10.22%,36173.0,42473.0,42523.0,0.12
17,2013,18,Carroll County,91.00%,4.18%,29949.0,42371.0,40442.0,-4.55
18,2013,19,Charles City County,93.65%,4.76%,38450.0,40379.0,40408.0,0.07
19,2013,20,Charlotte County,86.26%,2.20%,,41092.0,41057.0,-0.09
20,2013,21,Chesterfield County,90.19%,6.21%,45886.0,48233.0,47273.0,-1.99
21,2013,22,Clarke County,97.34%,1.60%,53725.0,47771.0,46852.0,-1.92
22,2013,23,Craig County,87.27%,9.09%,33398.0,40557.0,41442.0,2.18
23,2013,24,Culpeper County,91.95%,3.93%,39577.0,45811.0,47252.0,3.15
24,2013,25,Cumberland County,81.58%,14.91%,31774.0,42935.0,44634.0,3.96
25,2013,26,Dickenson County,84.27%,7.87%,28549.0,41776.0,42123.0,0.83
26,2013,27,Dinwiddie County,81.51%,5.04%,,46594.0,45107.0,-3.19
27,2013,28,Essex County,84.17%,8.33%,36018.0,46262.0,45899.0,-0.79
28,2013,29,Fairfax County,91.60%,5.83%,,62074.0,63203.0,1.82
29,2013,30,Fauquier County,94.07%,2.62%,59654.0,54615.0,54975.0,0.66
30,2013,31,Floyd County,93.79%,3.73%,32386.0,42772.0,42542.0,-0.54
31,2013,32,Fluvanna County,94.89%,2.88%,37333.0,50822.0,50376.0,-0.88
32,2013,33,Franklin County,85.45%,7.78%,,43314.0,43895.0,1.34
33,2013,34,Frederick County,90.07%,4.62%,41813.0,47672.0,47490.0,-0.38
34,2013,35,Giles County,83.41%,10.24%,34280.0,39458.0,38340.0,-2.83
35,2013,36,Gloucester County,87.87%,7.24%,42368.0,46306.0,46108.0,-0.43
36,2013,37,Goochland County,90.61%,3.31%,79077.0,43196.0,43212.0,0.04
37,2013,38,Grayson County,85.33%,7.33%,28518.0,35744.0,36507.0,2.13
38,2013,39,Greene County,92.47%,4.30%,36638.0,44099.0,44959.0,1.95
39,2013,40,Greensville County,86.34%,8.37%,27409.0,45179.0,44913.0,-0.59
40,2013,41,Halifax County,90.69%,4.30%,30948.0,38660.0,41869.0,8.3
41,2013,42,Hanover County,95.45%,2.58%,49096.0,47103.0,48174.0,2.27
42,2013,43,Henrico County,89.95%,6.29%,53807.0,48827.0,51723.0,5.93
43,2013,44,Henry County,90.20%,2.70%,33042.0,42518.0,43860.0,3.16
44,2013,45,Highland County,100.00%,0.00%,38648.0,44056.0,43734.0,-0.73
45,2013,46,Isle of Wight County,88.93%,6.72%,48567.0,51959.0,53025.0,2.05
46,2013,48,King George County,90.88%,7.35%,47117.0,50361.0,47401.0,-5.88
47,2013,49,King and Queen County,84.48%,5.17%,35583.0,45994.0,48784.0,6.07
48,2013,50,King William County,93.29%,1.22%,39724.0,46105.0,46382.0,0.6
49,2013,51,Lancaster County,96.26%,0.93%,48214.0,43432.0,42685.0,-1.72
50,2013,52,Lee County,84.10%,10.88%,26507.0,37924.0,40343.0,6.38
51,2013,53,Loudoun County,95.77%,2.19%,67036.0,59237.0,60646.0,2.38
52,2013,54,Louisa County,90.42%,5.35%,35352.0,47014.0,47013.0,0.0
53,2013,55,Lunenburg County,88.64%,8.33%,27970.0,40003.0,47668.0,19.16
54,2013,56,Madison County,97.26%,0.00%,42881.0,42745.0,43103.0,0.84
55,2013,57,Mathews County,95.00%,3.00%,46949.0,39857.0,40404.0,1.37
56,2013,58,Mecklenburg County,88.07%,9.66%,32167.0,41481.0,48805.0,17.66
57,2013,59,Middlesex County,94.74%,2.11%,41425.0,41103.0,42099.0,2.42
58,2013,60,Montgomery County,89.56%,5.22%,30623.0,45999.0,46297.0,0.65
59,2013,62,Nelson County,90.20%,3.92%,42608.0,47643.0,47432.0,-0.44
60,2013,63,New Kent County,89.45%,2.11%,62564.0,44629.0,46128.0,3.36
61,2013,65,Northampton County,82.81%,9.38%,39751.0,41666.0,36962.0,-11.29
62,2013,66,Northumberland County,88.39%,10.71%,41994.0,46290.0,48748.0,5.31
63,2013,67,Nottoway County,81.37%,13.66%,29506.0,42625.0,47509.0,11.46
64,2013,68,Orange County,91.26%,2.06%,41989.0,45185.0,45567.0,0.85
65,2013,69,Page County,97.70%,0.98%,32559.0,41177.0,41014.0,-0.4
66,2013,70,Patrick County,91.34%,4.33%,28728.0,40534.0,41441.0,2.24
67,2013,71,Pittsylvania County,87.99%,10.20%,31929.0,41567.0,41076.0,-1.18
68,2013,72,Powhatan County,87.92%,4.53%,44138.0,47508.0,47646.0,0.29
69,2013,73,Prince Edward County,86.84%,6.84%,26694.0,40675.0,44127.0,8.49
70,2013,74,Prince George County,83.23%,10.56%,34490.0,49834.0,49658.0,-0.35
71,2013,75,Prince William County,89.53%,7.13%,,60993.0,61855.0,1.41
72,2013,77,Pulaski County,87.20%,7.73%,34083.0,42757.0,42420.0,-0.79
73,2013,78,Rappahannock County,92.00%,4.00%,54907.0,47393.0,45941.0,-3.06
74,2013,79,Richmond County,85.71%,9.18%,30445.0,48277.0,47626.0,-1.35
75,2013,80,Roanoke County,93.94%,3.82%,44813.0,48712.0,48267.0,-0.91
76,2013,81,Rockbridge County,85.55%,7.03%,,46535.0,45216.0,-2.84
77,2013,82,Rockingham County,92.55%,4.67%,33783.0,44452.0,45039.0,1.32
78,2013,83,Russell County,90.31%,6.55%,29286.0,38884.0,36271.0,-6.72
79,2013,84,Scott County,90.94%,5.37%,28872.0,45500.0,45582.0,0.18
80,2013,85,Shenandoah County,95.66%,1.65%,37120.0,45115.0,44177.0,-2.08
81,2013,86,Smyth County,91.96%,3.49%,31996.0,43453.0,43590.0,0.31
82,2013,87,Southampton County,80.72%,13.45%,35309.0,43537.0,44012.0,1.09
83,2013,88,Spotsylvania County,88.32%,4.30%,43673.0,51491.0,51373.0,-0.23
84,2013,89,Stafford County,91.78%,3.11%,48756.0,53241.0,53038.0,-0.38
85,2013,90,Surry County,96.10%,2.60%,36069.0,47645.0,50020.0,4.98
86,2013,91,Sussex County,77.45%,10.78%,27931.0,49262.0,51080.0,3.69
87,2013,92,Tazewell County,84.10%,8.25%,33493.0,43660.0,42846.0,-1.86
88,2013,93,Warren County,92.29%,5.95%,39862.0,45960.0,45096.0,-1.88
89,2013,94,Washington County,94.99%,1.25%,38714.0,44484.0,44205.0,-0.63
90,2013,95,Westmoreland County,85.16%,10.16%,36539.0,42212.0,41794.0,-0.99
91,2013,96,Wise County,89.42%,7.34%,29530.0,47742.0,47487.0,-0.53
92,2013,97,Wythe County,85.54%,8.73%,29838.0,43160.0,44752.0,3.69
93,2013,98,York County,94.41%,2.42%,51418.0,48831.0,48101.0,-1.5
94,2013,101,Alexandria City,86.17%,10.68%,,70183.0,70696.0,0.73
95,2013,102,Bristol City,84.53%,11.05%,38714.0,42672.0,45342.0,6.26
96,2013,103,Buena Vista City,83.13%,6.02%,,40793.0,41397.0,1.48
97,2013,104,Charlottesville City,80.57%,10.19%,56553.0,52660.0,52790.0,0.25
98,2013,106,Colonial Heights City,91.13%,1.61%,,51880.0,50451.0,-2.75
99,2013,107,Covington City,85.48%,6.45%,33156.0,50039.0,51412.0,2.74
100,2013,108,Danville City,78.80%,6.20%,31929.0,46586.0,45898.0,-1.48
101,2013,109,Falls Church City,97.06%,1.18%,,62956.0,63273.0,0.5
102,2013,110,Fredericksburg City,86.67%,8.44%,,46035.0,45704.0,-0.72
103,2013,111,Galax City,86.46%,6.25%,29949.0,43379.0,45100.0,3.97
104,2013,112,Hampton City,85.44%,3.78%,,44205.0,45137.0,2.11
105,2013,113,Harrisonburg City,89.39%,7.54%,33783.0,45474.0,45439.0,-0.08
106,2013,114,Hopewell City,78.85%,9.29%,34490.0,45360.0,45013.0,-0.77
107,2013,115,Lynchburg City,80.90%,8.06%,33944.0,46213.0,41960.0,-9.2
108,2013,116,Martinsville City,83.67%,12.24%,33042.0,43504.0,42969.0,-1.23
109,2013,117,Newport News City,85.20%,4.38%,,47009.0,48228.0,2.59
110,2013,118,Norfolk City,77.93%,9.99%,,48711.0,48967.0,0.52
111,2013,119,Norton City,88.06%,5.97%,29530.0,44113.0,40934.0,-7.21
112,2013,120,Petersburg City,77.45%,14.71%,,45307.0,40644.0,-10.29
113,2013,121,Portsmouth City,80.86%,10.42%,,36268.0,36517.0,0.69
114,2013,122,Radford City,94.23%,2.88%,30623.0,48813.0,48016.0,-1.63
115,2013,123,Richmond City,76.25%,17.10%,,48345.0,50485.0,4.43
116,2013,124,Roanoke City,80.35%,11.34%,,44425.0,48039.0,8.13
117,2013,126,Staunton City,87.38%,3.88%,,44839.0,41588.0,-7.25
118,2013,127,Suffolk City,87.25%,8.11%,,49280.0,48516.0,-1.55
119,2013,128,Virginia Beach City,88.05%,4.71%,,52732.0,53201.0,0.89
120,2013,130,Waynesboro City,83.56%,4.11%,,43048.0,44929.0,4.37
121,2013,131,Williamsburg-James City County,88.99%,5.28%,,51923.0,51572.0,-0.68
122,2013,132,Winchester City,88.59%,8.39%,41813.0,50170.0,51256.0,2.16
123,2013,135,Franklin City,77.65%,14.12%,,44459.0,45159.0,1.57
124,2013,136,Chesapeake City,92.17%,3.81%,,54548.0,53043.0,-2.76
125,2013,137,Lexington City,<,<,,41829.0,45733.0,9.33
126,2013,139,Salem City,89.17%,6.37%,44813.0,53186.0,54493.0,2.46
127,2013,142,Poquoson City,93.20%,2.91%,51418.0,46396.0,45984.0,-0.89
128,2013,143,Manassas City,86.54%,4.23%,,61950.0,63340.0,2.24
129,2013,144,Manassas Park City,81.60%,9.91%,,56230.0,56934.0,1.25
130,2013,202,Colonial Beach,84.44%,8.89%,,41592.0,38843.0,-6.61
131,2013,207,West Point,93.33%,1.67%,,41721.0,41751.0,0.07
0,2012,1,Accomack County,83.87%,7.92%,35622.0,39299.0,38600.0,-1.78
1,2012,2,Albemarle County,92.02%,4.53%,57910.0,51960.0,51512.0,-0.86
2,2012,3,Alleghany County,89.09%,9.09%,35104.0,46646.0,47114.0,1.0
3,2012,4,Amelia County,94.33%,2.13%,36118.0,46410.0,44762.0,-3.55
4,2012,5,Amherst County,88.25%,5.46%,31452.0,44280.0,43684.0,-1.34
5,2012,6,Appomattox County,79.10%,10.17%,31772.0,39870.0,41177.0,3.28
6,2012,7,Arlington County,87.55%,9.28%,84558.0,69737.0,68979.0,-1.09
7,2012,8,Augusta County,89.82%,6.90%,,45001.0,43692.0,-2.91
8,2012,9,Bath County,95.52%,1.49%,50099.0,42076.0,41715.0,-0.86
9,2012,10,Bedford County,89.06%,5.47%,39368.0,40874.0,41023.0,0.37
10,2012,11,Bland County,88.46%,3.85%,30997.0,42763.0,41583.0,-2.76
11,2012,12,Botetourt County,92.50%,4.25%,42860.0,49001.0,48130.0,-1.78
12,2012,13,Brunswick County,81.76%,10.59%,27929.0,40105.0,39216.0,-2.22
13,2012,14,Buchanan County,86.79%,9.06%,32419.0,43017.0,39532.0,-8.1
14,2012,15,Buckingham County,89.38%,7.50%,25493.0,43448.0,42426.0,-2.35
15,2012,16,Campbell County,85.36%,5.72%,34435.0,43376.0,41605.0,-4.08
16,2012,17,Caroline County,83.55%,9.21%,35657.0,44624.0,42473.0,-4.82
17,2012,18,Carroll County,88.71%,7.42%,29978.0,40933.0,42371.0,3.51
18,2012,19,Charles City County,86.90%,9.52%,36939.0,41117.0,40379.0,-1.79
19,2012,20,Charlotte County,87.57%,1.78%,,41261.0,41092.0,-0.41
20,2012,21,Chesterfield County,89.41%,6.14%,45781.0,49352.0,48233.0,-2.27
21,2012,22,Clarke County,100.00%,0.00%,53713.0,48114.0,47771.0,-0.71
22,2012,23,Craig County,85.96%,1.75%,32902.0,43168.0,40557.0,-6.05
23,2012,24,Culpeper County,91.67%,3.23%,40120.0,48122.0,45811.0,-4.8
24,2012,25,Cumberland County,86.15%,3.85%,30918.0,41417.0,42935.0,3.67
25,2012,26,Dickenson County,87.63%,4.30%,28445.0,40725.0,41776.0,2.58
26,2012,27,Dinwiddie County,82.26%,6.94%,,46591.0,46594.0,0.01
27,2012,28,Essex County,78.86%,14.63%,35600.0,45581.0,46262.0,1.5
28,2012,29,Fairfax County,90.78%,6.39%,,63853.0,62074.0,-2.79
29,2012,30,Fauquier County,93.55%,3.07%,61729.0,57068.0,54615.0,-4.3
30,2012,31,Floyd County,92.22%,4.79%,32679.0,42851.0,42772.0,-0.18
31,2012,32,Fluvanna County,93.26%,1.42%,36889.0,53144.0,50822.0,-4.37
32,2012,33,Franklin County,85.67%,9.06%,,44732.0,43314.0,-3.17
33,2012,34,Frederick County,87.29%,6.11%,42390.0,47830.0,47672.0,-0.33
34,2012,35,Giles County,80.98%,13.66%,34001.0,41064.0,39458.0,-3.91
35,2012,36,Gloucester County,88.30%,5.75%,42795.0,46758.0,46306.0,-0.97
36,2012,37,Goochland County,91.37%,5.08%,82555.0,46690.0,43196.0,-7.48
37,2012,38,Grayson County,85.28%,10.43%,28535.0,36396.0,35744.0,-1.79
38,2012,39,Greene County,92.23%,4.37%,36511.0,44178.0,44099.0,-0.18
39,2012,40,Greensville County,88.89%,9.52%,26956.0,45537.0,45179.0,-0.79
40,2012,41,Halifax County,85.91%,8.64%,30688.0,39185.0,38660.0,-1.34
41,2012,42,Hanover County,93.89%,2.83%,48689.0,47030.0,47103.0,0.15
42,2012,43,Henrico County,88.30%,6.71%,53092.0,50046.0,48827.0,-2.44
43,2012,44,Henry County,86.52%,5.85%,32951.0,40748.0,42518.0,4.34
44,2012,45,Highland County,100.00%,0.00%,38819.0,43976.0,44056.0,0.18
45,2012,46,Isle of Wight County,87.03%,6.59%,48299.0,51404.0,51959.0,1.08
46,2012,48,King George County,92.56%,5.65%,46438.0,48051.0,50361.0,4.81
47,2012,49,King and Queen County,80.82%,13.70%,34575.0,43977.0,45994.0,4.59
48,2012,50,King William County,91.50%,2.61%,39398.0,45889.0,46105.0,0.47
49,2012,51,Lancaster County,91.59%,2.80%,48194.0,42566.0,43432.0,2.04
50,2012,53,Loudoun County,95.24%,2.87%,68475.0,59738.0,59237.0,-0.84
51,2012,54,Louisa County,90.26%,6.92%,35844.0,48009.0,47014.0,-2.07
52,2012,55,Lunenburg County,80.51%,9.32%,27742.0,40879.0,40003.0,-2.14
53,2012,56,Madison County,94.67%,2.67%,41459.0,43269.0,42745.0,-1.21
54,2012,57,Mathews County,97.94%,2.06%,47739.0,38385.0,39857.0,3.84
55,2012,58,Mecklenburg County,87.89%,7.89%,31773.0,42469.0,41481.0,-2.33
56,2012,59,Middlesex County,91.58%,2.11%,42277.0,42609.0,41103.0,-3.53
57,2012,60,Montgomery County,84.80%,8.23%,30430.0,46414.0,45999.0,-0.9
58,2012,62,Nelson County,88.74%,1.99%,42102.0,47646.0,47643.0,-0.01
59,2012,63,New Kent County,85.42%,5.42%,60514.0,44630.0,44629.0,0.0
60,2012,65,Northampton County,76.38%,18.90%,39718.0,40391.0,41666.0,3.16
61,2012,66,Northumberland County,89.29%,8.04%,41832.0,47824.0,46290.0,-3.21
62,2012,67,Nottoway County,84.86%,8.11%,29690.0,45489.0,42625.0,-6.3
63,2012,68,Orange County,89.97%,2.31%,41732.0,43186.0,45185.0,4.63
64,2012,69,Page County,97.24%,1.38%,32337.0,42678.0,41177.0,-3.52
65,2012,70,Patrick County,94.05%,2.70%,28702.0,41178.0,40534.0,-1.56
66,2012,71,Pittsylvania County,89.56%,7.97%,31226.0,42549.0,41567.0,-2.31
67,2012,72,Powhatan County,91.54%,2.74%,43737.0,47228.0,47508.0,0.59
68,2012,73,Prince Edward County,85.19%,7.94%,26172.0,43587.0,40675.0,-6.68
69,2012,74,Prince George County,83.23%,10.48%,34205.0,49968.0,49834.0,-0.27
70,2012,75,Prince William County,89.09%,7.37%,,62064.0,60993.0,-1.72
71,2012,77,Pulaski County,87.36%,7.02%,34116.0,41567.0,42757.0,2.86
72,2012,78,Rappahannock County,81.48%,9.26%,54893.0,47454.0,47393.0,-0.13
73,2012,79,Richmond County,83.87%,6.45%,29785.0,47484.0,48277.0,1.67
74,2012,80,Roanoke County,91.75%,5.50%,46011.0,48656.0,48712.0,0.12
75,2012,81,Rockbridge County,83.26%,8.79%,,45084.0,46535.0,3.22
76,2012,82,Rockingham County,90.59%,5.05%,33190.0,45363.0,44452.0,-2.01
77,2012,83,Russell County,87.50%,6.40%,30367.0,39030.0,38884.0,-0.37
78,2012,84,Scott County,93.71%,2.98%,29054.0,44267.0,45500.0,2.79
79,2012,85,Shenandoah County,91.71%,4.59%,36606.0,44790.0,45115.0,0.73
80,2012,86,Smyth County,88.24%,5.35%,31207.0,43483.0,43453.0,-0.07
81,2012,87,Southampton County,86.90%,9.17%,35060.0,44069.0,43537.0,-1.21
82,2012,88,Spotsylvania County,85.99%,5.56%,44151.0,51964.0,51491.0,-0.91
83,2012,89,Stafford County,92.11%,4.31%,49277.0,52591.0,53241.0,1.24
84,2012,90,Surry County,83.82%,10.29%,35790.0,47439.0,47645.0,0.43
85,2012,91,Sussex County,84.31%,5.88%,27498.0,49077.0,49262.0,0.38
86,2012,92,Tazewell County,77.82%,9.90%,34194.0,44508.0,43660.0,-1.91
87,2012,93,Warren County,91.89%,4.73%,40417.0,47500.0,45960.0,-3.24
88,2012,94,Washington County,91.36%,2.76%,40350.0,44515.0,44484.0,-0.07
89,2012,95,Westmoreland County,89.12%,6.12%,36525.0,42170.0,42212.0,0.1
90,2012,96,Wise County,86.38%,6.61%,30850.0,49268.0,47742.0,-3.1
91,2012,97,Wythe County,86.80%,8.43%,30424.0,44331.0,43160.0,-2.64
92,2012,98,York County,94.32%,3.02%,51107.0,49341.0,48831.0,-1.03
93,2012,101,Alexandria City,82.07%,11.78%,,67239.0,70183.0,4.38
94,2012,102,Bristol City,81.15%,12.04%,40350.0,44864.0,42672.0,-4.89
95,2012,103,Buena Vista City,93.90%,4.88%,,39185.0,40793.0,4.1
96,2012,104,Charlottesville City,85.02%,6.19%,57910.0,54226.0,52660.0,-2.89
97,2012,106,Colonial Heights City,89.45%,5.05%,,51529.0,51880.0,0.68
98,2012,107,Covington City,84.06%,7.25%,35104.0,48038.0,50039.0,4.17
99,2012,108,Danville City,73.84%,9.28%,31226.0,46970.0,46586.0,-0.82
100,2012,109,Falls Church City,97.13%,1.15%,,63020.0,62956.0,-0.1
101,2012,110,Fredericksburg City,82.72%,8.64%,,46944.0,46035.0,-1.94
102,2012,111,Galax City,87.76%,7.14%,29978.0,43821.0,43379.0,-1.01
103,2012,112,Hampton City,84.33%,5.19%,,44616.0,44205.0,-0.92
104,2012,113,Harrisonburg City,85.54%,5.54%,33190.0,46253.0,45474.0,-1.68
105,2012,114,Hopewell City,85.58%,7.69%,34205.0,45725.0,45360.0,-0.8
106,2012,115,Lynchburg City,85.20%,6.09%,34435.0,48050.0,46213.0,-3.82
107,2012,116,Martinsville City,86.46%,10.42%,32951.0,42803.0,43504.0,1.64
108,2012,117,Newport News City,82.97%,6.24%,,45842.0,47009.0,2.55
109,2012,118,Norfolk City,76.94%,10.62%,,48058.0,48711.0,1.36
110,2012,119,Norton City,97.56%,1.22%,30850.0,44528.0,44113.0,-0.93
111,2012,120,Petersburg City,77.46%,14.77%,,40316.0,45307.0,12.38
112,2012,121,Portsmouth City,80.81%,11.72%,,44450.0,36268.0,-18.41
113,2012,122,Radford City,92.31%,3.85%,30430.0,49489.0,48813.0,-1.37
114,2012,123,Richmond City,73.64%,18.15%,,49395.0,48345.0,-2.13
115,2012,124,Roanoke City,76.59%,14.17%,,38723.0,44425.0,14.73
116,2012,126,Staunton City,85.71%,7.14%,,44157.0,44839.0,1.55
117,2012,127,Suffolk City,84.09%,9.94%,,50130.0,49280.0,-1.7
118,2012,128,Virginia Beach City,86.87%,5.62%,,52710.0,52732.0,0.04
119,2012,130,Waynesboro City,79.75%,9.50%,,43188.0,43048.0,-0.32
120,2012,131,Williamsburg-James City County,88.85%,4.79%,,53754.0,51923.0,-3.41
121,2012,132,Winchester City,86.64%,10.27%,42390.0,47541.0,50170.0,5.53
122,2012,135,Franklin City,78.76%,15.93%,,44111.0,44459.0,0.79
123,2012,136,Chesapeake City,91.19%,4.35%,,52514.0,54548.0,3.87
124,2012,139,Salem City,93.65%,2.86%,46011.0,53218.0,53186.0,-0.06
125,2012,142,Poquoson City,94.12%,0.98%,51107.0,47166.0,46396.0,-1.63
126,2012,143,Manassas City,80.46%,8.24%,,62886.0,61950.0,-1.49
127,2012,144,Manassas Park City,85.11%,8.51%,,56322.0,56230.0,-0.16
128,2012,202,Colonial Beach,86.54%,7.69%,,43090.0,41592.0,-3.48
129,2012,207,West Point,98.36%,1.64%,,42581.0,41721.0,-2.02
0,2010,1,Accomack County,76.35%,16.16%,33626.0,39576.0,40009.0,1.09
1,2010,2,Albemarle County,91.97%,5.09%,50751.0,51223.0,53175.0,3.81
2,2010,3,Alleghany County,89.30%,7.44%,31811.0,45580.0,46658.0,2.37
3,2010,4,Amelia County,85.96%,8.77%,33554.0,44349.0,46811.0,5.55
4,2010,5,Amherst County,86.81%,4.49%,29905.0,42816.0,45544.0,6.37
5,2010,6,Appomattox County,83.72%,9.30%,30756.0,41028.0,42754.0,4.21
6,2010,7,Arlington County,85.24%,11.44%,79590.0,67742.0,69073.0,1.96
7,2010,8,Augusta County,87.30%,8.88%,,44062.0,45724.0,3.77
8,2010,9,Bath County,84.15%,3.66%,38708.0,42037.0,43200.0,2.77
9,2010,10,Bedford County,93.13%,3.94%,36266.0,40827.0,43455.0,6.44
10,2010,11,Bland County,93.75%,1.25%,27976.0,39761.0,42156.0,6.02
11,2010,12,Botetourt County,91.60%,4.07%,39330.0,47904.0,49051.0,2.39
12,2010,13,Brunswick County,86.21%,5.17%,26644.0,38596.0,40277.0,4.36
13,2010,14,Buchanan County,87.59%,7.89%,30013.0,39521.0,41690.0,5.49
14,2010,15,Buckingham County,83.82%,9.80%,23988.0,42097.0,43664.0,3.72
15,2010,16,Campbell County,79.18%,7.65%,32074.0,42204.0,43618.0,3.35
16,2010,17,Caroline County,81.90%,11.11%,33707.0,43301.0,45674.0,5.48
17,2010,18,Carroll County,87.80%,8.93%,28486.0,36938.0,40582.0,9.87
18,2010,19,Charles City County,85.94%,9.38%,33088.0,38511.0,40180.0,4.33
19,2010,20,Charlotte County,90.48%,2.65%,,42040.0,42554.0,1.22
20,2010,21,Chesterfield County,87.99%,8.38%,42314.0,48180.0,50071.0,3.93
21,2010,22,Clarke County,96.14%,0.48%,50344.0,45402.0,47601.0,4.84
22,2010,23,Craig County,86.27%,9.80%,29671.0,42430.0,42593.0,0.38
23,2010,24,Culpeper County,86.64%,5.65%,36725.0,48348.0,48188.0,-0.33
24,2010,25,Cumberland County,86.67%,5.00%,27971.0,39108.0,40115.0,2.57
25,2010,26,Dickenson County,87.02%,8.17%,28561.0,39957.0,42595.0,6.6
26,2010,27,Dinwiddie County,77.40%,9.58%,,45181.0,47570.0,5.29
27,2010,28,Essex County,81.65%,9.49%,33170.0,42812.0,44680.0,4.36
28,2010,29,Fairfax County,91.23%,5.87%,,62458.0,64559.0,3.36
29,2010,30,Fauquier County,90.33%,3.85%,55390.0,55179.0,56674.0,2.71
30,2010,31,Floyd County,91.30%,6.52%,29786.0,41896.0,43176.0,3.06
31,2010,32,Fluvanna County,90.29%,5.18%,34438.0,50991.0,53126.0,4.19
32,2010,33,Franklin County,87.93%,5.11%,,43837.0,46035.0,5.01
33,2010,34,Frederick County,83.56%,7.16%,38729.0,47085.0,48689.0,3.41
34,2010,35,Giles County,83.69%,11.59%,31309.0,40903.0,41017.0,0.28
35,2010,36,Gloucester County,78.85%,9.42%,39715.0,45857.0,47467.0,3.51
36,2010,37,Goochland County,85.84%,4.87%,68542.0,45358.0,45406.0,0.11
37,2010,38,Grayson County,87.97%,9.49%,27200.0,37108.0,38179.0,2.88
38,2010,39,Greene County,88.72%,5.64%,33814.0,36056.0,44483.0,23.37
39,2010,40,Greensville County,76.85%,14.81%,25290.0,43318.0,45470.0,4.97
40,2010,41,Halifax County,83.16%,5.89%,29162.0,40518.0,39185.0,-3.29
41,2010,42,Hanover County,94.77%,2.22%,44391.0,45002.0,47479.0,5.5
42,2010,43,Henrico County,86.39%,6.66%,46904.0,48776.0,49829.0,2.16
43,2010,44,Henry County,83.53%,6.62%,30503.0,40181.0,41654.0,3.67
44,2010,45,Highland County,90.91%,0.00%,33052.0,40337.0,44512.0,10.35
45,2010,46,Isle of Wight County,85.78%,9.32%,45282.0,49741.0,52513.0,5.57
46,2010,48,King George County,89.74%,6.29%,44592.0,46172.0,48854.0,5.81
47,2010,49,King and Queen County,81.13%,13.21%,33397.0,42565.0,41612.0,-2.24
48,2010,50,King William County,93.17%,3.73%,36345.0,45314.0,46110.0,1.76
49,2010,51,Lancaster County,93.66%,2.82%,43688.0,44186.0,42624.0,-3.53
50,2010,52,Lee County,72.63%,22.81%,26070.0,40867.0,43466.0,6.36
51,2010,53,Loudoun County,94.45%,2.90%,63324.0,57518.0,58720.0,2.09
52,2010,54,Louisa County,92.31%,5.77%,34788.0,48304.0,49656.0,2.8
53,2010,55,Lunenburg County,69.85%,20.59%,25814.0,40124.0,41332.0,3.01
54,2010,56,Madison County,91.43%,4.57%,33822.0,44253.0,44538.0,0.64
55,2010,57,Mathews County,93.52%,1.85%,43882.0,39263.0,39697.0,1.11
56,2010,58,Mecklenburg County,85.15%,12.32%,29035.0,40632.0,42068.0,3.53
57,2010,59,Middlesex County,83.78%,9.01%,38517.0,39666.0,41677.0,5.07
58,2010,60,Montgomery County,84.71%,7.64%,27921.0,43672.0,45738.0,4.73
59,2010,62,Nelson County,77.38%,6.55%,36967.0,44422.0,45345.0,2.08
60,2010,63,New Kent County,88.38%,4.56%,54762.0,43297.0,46989.0,8.53
61,2010,65,Northampton County,77.08%,6.94%,35131.0,38407.0,40689.0,5.94
62,2010,66,Northumberland County,79.17%,16.67%,36523.0,47263.0,47323.0,0.13
63,2010,67,Nottoway County,81.82%,11.36%,29138.0,42025.0,47136.0,12.16
64,2010,68,Orange County,83.92%,6.38%,37742.0,41800.0,42628.0,1.98
65,2010,69,Page County,85.56%,3.97%,30557.0,43956.0,44941.0,2.24
66,2010,70,Patrick County,94.36%,2.05%,26561.0,40120.0,41296.0,2.93
67,2010,71,Pittsylvania County,83.98%,10.63%,29038.0,40924.0,42338.0,3.46
68,2010,72,Powhatan County,85.60%,5.26%,39407.0,45637.0,47162.0,3.34
69,2010,73,Prince Edward County,74.89%,18.30%,24356.0,43507.0,44451.0,2.17
70,2010,74,Prince George County,81.15%,10.72%,32321.0,46996.0,50471.0,7.39
71,2010,75,Prince William County,88.15%,6.97%,,59656.0,63873.0,7.07
72,2010,77,Pulaski County,85.53%,4.91%,30615.0,42876.0,43794.0,2.14
73,2010,78,Rappahannock County,91.67%,7.14%,48883.0,45312.0,46656.0,2.97
74,2010,79,Richmond County,71.17%,16.22%,26659.0,45242.0,47385.0,4.74
75,2010,80,Roanoke County,91.38%,5.13%,41908.0,47698.0,49221.0,3.19
76,2010,81,Rockbridge County,78.60%,9.73%,,40621.0,42510.0,4.65
77,2010,82,Rockingham County,89.51%,5.14%,30644.0,44484.0,45124.0,1.44
78,2010,83,Russell County,84.05%,7.41%,29175.0,37006.0,40315.0,8.94
79,2010,84,Scott County,92.26%,4.38%,27106.0,43542.0,44641.0,2.52
80,2010,85,Shenandoah County,89.78%,5.76%,33409.0,44835.0,46181.0,3.0
81,2010,86,Smyth County,88.30%,3.44%,28557.0,42986.0,42845.0,-0.33
82,2010,87,Southampton County,77.92%,12.08%,30211.0,43078.0,44126.0,2.43
83,2010,88,Spotsylvania County,88.28%,4.79%,41549.0,52291.0,53222.0,1.78
84,2010,89,Stafford County,90.56%,4.52%,46648.0,52251.0,50820.0,-2.74
85,2010,90,Surry County,89.19%,9.46%,33395.0,44646.0,45377.0,1.64
86,2010,91,Sussex County,68.70%,20.00%,26598.0,45520.0,47789.0,4.99
87,2010,92,Tazewell County,74.60%,12.87%,31502.0,45520.0,45059.0,-1.01
88,2010,93,Warren County,92.03%,4.78%,36908.0,43822.0,46127.0,5.26
89,2010,94,Washington County,86.35%,5.87%,34686.0,42599.0,44822.0,5.22
90,2010,95,Westmoreland County,76.77%,16.77%,33707.0,43386.0,41974.0,-3.25
91,2010,96,Wise County,85.43%,8.71%,30517.0,44130.0,48974.0,10.98
92,2010,97,Wythe County,81.36%,5.65%,28922.0,42717.0,44307.0,3.72
93,2010,98,York County,91.86%,4.48%,48388.0,48136.0,49800.0,3.46
94,2010,101,Alexandria City,78.74%,13.10%,,68315.0,66413.0,-2.78
95,2010,102,Bristol City,80.56%,8.89%,34686.0,43607.0,45040.0,3.29
96,2010,103,Buena Vista City,87.88%,5.05%,,42461.0,41409.0,-2.48
97,2010,104,Charlottesville City,79.82%,7.34%,50751.0,52985.0,54095.0,2.09
98,2010,106,Colonial Heights City,89.57%,5.21%,,50158.0,51937.0,3.55
99,2010,107,Covington City,82.86%,8.57%,31811.0,44710.0,42728.0,-4.43
100,2010,108,Danville City,78.89%,11.52%,29038.0,44196.0,46633.0,5.51
101,2010,109,Falls Church City,96.99%,1.20%,,62875.0,63309.0,0.69
102,2010,110,Fredericksburg City,81.00%,13.00%,,46786.0,48148.0,2.91
103,2010,111,Galax City,87.65%,7.41%,28486.0,42162.0,43609.0,3.43
104,2010,112,Hampton City,79.40%,9.14%,,38320.0,44340.0,15.71
105,2010,113,Harrisonburg City,81.84%,10.79%,30644.0,45659.0,46793.0,2.49
106,2010,114,Hopewell City,71.72%,18.95%,32321.0,44687.0,46399.0,3.83
107,2010,115,Lynchburg City,75.98%,14.33%,32074.0,44858.0,46475.0,3.6
108,2010,116,Martinsville City,89.84%,4.28%,30503.0,44312.0,42418.0,-4.27
109,2010,117,Newport News City,76.79%,11.30%,,45510.0,48938.0,7.53
110,2010,118,Norfolk City,74.16%,15.19%,,46161.0,48903.0,5.94
111,2010,119,Norton City,83.08%,12.31%,30517.0,44663.0,43931.0,-1.64
112,2010,120,Petersburg City,74.23%,19.39%,,40797.0,39409.0,-3.4
113,2010,121,Portsmouth City,67.86%,20.07%,,36924.0,42270.0,14.48
114,2010,122,Radford City,90.00%,4.55%,27921.0,46423.0,49157.0,5.89
115,2010,123,Richmond City,72.73%,11.81%,,48668.0,49403.0,1.51
116,2010,124,Roanoke City,67.69%,19.03%,,47244.0,43563.0,-7.79
117,2010,126,Staunton City,81.17%,8.79%,,42661.0,43965.0,3.06
118,2010,127,Suffolk City,80.55%,11.82%,,48129.0,49964.0,3.81
119,2010,128,Virginia Beach City,85.49%,6.82%,,52407.0,53343.0,1.79
120,2010,130,Waynesboro City,83.33%,5.39%,,45476.0,46222.0,1.64
121,2010,131,Williamsburg-James City County,83.65%,7.88%,,52545.0,53722.0,2.24
122,2010,132,Winchester City,85.87%,10.87%,38729.0,48498.0,50404.0,3.93
123,2010,135,Franklin City,76.61%,16.94%,,44938.0,45787.0,1.89
124,2010,136,Chesapeake City,88.44%,6.39%,,52885.0,54385.0,2.84
125,2010,139,Salem City,89.35%,4.73%,41908.0,52085.0,53912.0,3.51
126,2010,142,Poquoson City,91.44%,2.70%,48388.0,46574.0,48225.0,3.55
127,2010,143,Manassas City,76.33%,13.21%,,60455.0,63666.0,5.31
128,2010,144,Manassas Park City,88.82%,6.58%,,60417.0,56429.0,-6.6
129,2010,202,Colonial Beach,69.39%,8.16%,,41032.0,42432.0,3.41
130,2010,207,West Point,94.44%,1.39%,,41731.0,39841.0,-4.53
0,2011,1,Accomack County,79.84%,11.11%,34053.0,40009.0,39299.0,-1.77
1,2011,2,Albemarle County,93.02%,3.59%,53184.0,53175.0,51960.0,-2.28
2,2011,3,Alleghany County,92.96%,5.63%,32813.0,46658.0,46646.0,-0.03
3,2011,4,Amelia County,87.50%,7.03%,34324.0,46811.0,46410.0,-0.86
4,2011,5,Amherst County,88.46%,3.85%,30979.0,45544.0,44280.0,-2.77
5,2011,6,Appomattox County,82.72%,9.95%,31809.0,42754.0,39870.0,-6.75
6,2011,7,Arlington County,85.95%,11.28%,82755.0,69073.0,69737.0,0.96
7,2011,8,Augusta County,87.67%,8.60%,,45724.0,45001.0,-1.58
8,2011,9,Bath County,94.55%,5.45%,44350.0,43200.0,42076.0,-2.6
9,2011,10,Bedford County,90.48%,3.58%,37643.0,43455.0,40874.0,-5.94
10,2011,11,Bland County,87.95%,3.61%,30123.0,42156.0,42763.0,1.44
11,2011,12,Botetourt County,91.41%,4.80%,41464.0,49051.0,49001.0,-0.1
12,2011,13,Brunswick County,78.35%,14.95%,27438.0,40277.0,40105.0,-0.43
13,2011,14,Buchanan County,89.18%,7.09%,32132.0,41690.0,43017.0,3.18
14,2011,15,Buckingham County,84.31%,12.75%,24725.0,43664.0,43448.0,-0.49
15,2011,16,Campbell County,84.99%,6.73%,33353.0,43618.0,43376.0,-0.55
16,2011,17,Caroline County,82.39%,9.97%,34840.0,45674.0,44624.0,-2.3
17,2011,18,Carroll County,86.60%,8.59%,29459.0,40582.0,40933.0,0.86
18,2011,19,Charles City County,93.24%,2.70%,35223.0,40180.0,41117.0,2.33
19,2011,20,Charlotte County,85.94%,2.08%,,42554.0,41261.0,-3.04
20,2011,21,Chesterfield County,86.77%,7.85%,43795.0,50071.0,49352.0,-1.44
21,2011,22,Clarke County,99.45%,0.55%,52181.0,47601.0,48114.0,1.08
22,2011,23,Craig County,87.30%,3.17%,30848.0,42593.0,43168.0,1.35
23,2011,24,Culpeper County,87.37%,5.63%,38748.0,48188.0,48122.0,-0.14
24,2011,25,Cumberland County,90.35%,5.26%,29038.0,40115.0,41417.0,3.24
25,2011,26,Dickenson County,85.09%,8.77%,28899.0,42595.0,40725.0,-4.39
26,2011,27,Dinwiddie County,77.85%,8.60%,,47570.0,46591.0,-2.06
27,2011,28,Essex County,87.33%,8.67%,34640.0,44680.0,45581.0,2.01
28,2011,29,Fairfax County,91.00%,6.31%,,64559.0,63853.0,-1.09
29,2011,30,Fauquier County,90.80%,3.75%,58192.0,56674.0,57068.0,0.69
30,2011,31,Floyd County,89.10%,5.77%,31158.0,43176.0,42851.0,-0.75
31,2011,32,Fluvanna County,93.31%,2.68%,35797.0,53126.0,53144.0,0.03
32,2011,33,Franklin County,85.05%,6.94%,,46035.0,44732.0,-2.83
33,2011,34,Frederick County,84.81%,7.32%,40603.0,48689.0,47830.0,-1.76
34,2011,35,Giles County,80.11%,14.92%,32619.0,41017.0,41064.0,0.11
35,2011,36,Gloucester County,86.74%,7.18%,41275.0,47467.0,46758.0,-1.49
36,2011,37,Goochland County,89.42%,3.70%,76837.0,45406.0,46690.0,2.83
37,2011,38,Grayson County,80.00%,12.57%,28048.0,38179.0,36396.0,-4.67
38,2011,39,Greene County,88.06%,9.45%,35133.0,44483.0,44178.0,-0.68
39,2011,40,Greensville County,83.58%,12.94%,26784.0,45470.0,45537.0,0.15
40,2011,41,Halifax County,88.48%,4.73%,29464.0,39185.0,39185.0,0.0
41,2011,42,Hanover County,94.34%,2.28%,46910.0,47479.0,47030.0,-0.94
42,2011,43,Henrico County,85.41%,9.58%,50154.0,49829.0,50046.0,0.44
43,2011,44,Henry County,88.34%,4.29%,31585.0,41654.0,40748.0,-2.17
44,2011,45,Highland County,100.00%,0.00%,37111.0,44512.0,43976.0,-1.2
45,2011,46,Isle of Wight County,88.45%,6.75%,47043.0,52513.0,51404.0,-2.11
46,2011,48,King George County,90.45%,3.09%,45301.0,48854.0,48051.0,-1.64
47,2011,49,King and Queen County,79.31%,15.52%,34836.0,41612.0,43977.0,5.68
48,2011,50,King William County,87.34%,4.43%,37467.0,46110.0,45889.0,-0.48
49,2011,51,Lancaster County,92.23%,2.91%,45783.0,42624.0,42566.0,-0.14
50,2011,52,Lee County,90.46%,7.88%,27160.0,43466.0,44334.0,2.0
51,2011,53,Loudoun County,95.35%,2.45%,66364.0,58720.0,59738.0,1.73
52,2011,54,Louisa County,91.55%,6.52%,35151.0,49656.0,48009.0,-3.32
53,2011,55,Lunenburg County,70.15%,18.66%,27088.0,41332.0,40879.0,-1.1
54,2011,56,Madison County,85.21%,11.27%,37246.0,44538.0,43269.0,-2.85
55,2011,57,Mathews County,91.67%,2.50%,46160.0,39697.0,38385.0,-3.31
56,2011,58,Mecklenburg County,91.65%,5.16%,30114.0,42068.0,42469.0,0.95
57,2011,59,Middlesex County,88.89%,7.94%,40551.0,41677.0,42609.0,2.24
58,2011,60,Montgomery County,87.09%,7.01%,29216.0,45738.0,46414.0,1.48
59,2011,62,Nelson County,85.31%,4.90%,39283.0,45345.0,47646.0,5.07
60,2011,63,New Kent County,85.83%,9.17%,57954.0,46989.0,44630.0,-5.02
61,2011,65,Northampton County,70.00%,14.29%,37200.0,40689.0,40391.0,-0.73
62,2011,66,Northumberland County,74.53%,16.04%,39411.0,47323.0,47824.0,1.06
63,2011,67,Nottoway County,83.66%,11.11%,29673.0,47136.0,45489.0,-3.49
64,2011,68,Orange County,90.19%,1.59%,39323.0,42628.0,43186.0,1.31
65,2011,69,Page County,92.60%,2.25%,31817.0,44941.0,42678.0,-5.04
66,2011,70,Patrick County,95.36%,0.52%,27685.0,41296.0,41178.0,-0.29
67,2011,71,Pittsylvania County,86.89%,11.08%,30321.0,42338.0,42549.0,0.5
68,2011,72,Powhatan County,87.12%,3.56%,41117.0,47162.0,47228.0,0.14
69,2011,73,Prince Edward County,77.25%,13.74%,26045.0,44451.0,43587.0,-1.94
70,2011,74,Prince George County,82.12%,9.93%,33147.0,50471.0,49968.0,-1.0
71,2011,75,Prince William County,88.10%,7.25%,,63873.0,62064.0,-2.83
72,2011,77,Pulaski County,88.21%,5.16%,32441.0,43794.0,41567.0,-5.09
73,2011,78,Rappahannock County,92.77%,3.61%,52389.0,46656.0,47454.0,1.71
74,2011,79,Richmond County,76.29%,10.31%,28102.0,47385.0,47484.0,0.21
75,2011,80,Roanoke County,91.84%,4.04%,43102.0,49221.0,48656.0,-1.15
76,2011,81,Rockbridge County,80.76%,8.59%,,42510.0,45084.0,6.06
77,2011,82,Rockingham County,90.95%,4.36%,32005.0,45124.0,45363.0,0.53
78,2011,83,Russell County,86.15%,6.46%,30237.0,40315.0,39030.0,-3.19
79,2011,84,Scott County,93.73%,3.96%,28888.0,44641.0,44267.0,-0.84
80,2011,85,Shenandoah County,89.76%,3.61%,34955.0,46181.0,44790.0,-3.01
81,2011,86,Smyth County,83.61%,7.26%,29993.0,42845.0,43483.0,1.49
82,2011,87,Southampton County,86.15%,7.79%,32661.0,44126.0,44069.0,-0.13
83,2011,88,Spotsylvania County,84.54%,4.83%,43108.0,53222.0,51964.0,-2.36
84,2011,89,Stafford County,91.63%,2.90%,48283.0,50820.0,52591.0,3.49
85,2011,90,Surry County,89.47%,5.26%,34914.0,45377.0,47439.0,4.54
86,2011,91,Sussex County,85.04%,9.45%,27005.0,47789.0,49077.0,2.69
87,2011,92,Tazewell County,77.06%,12.48%,33235.0,45059.0,44508.0,-1.22
88,2011,93,Warren County,92.03%,5.01%,39080.0,46127.0,47500.0,2.98
89,2011,94,Washington County,88.71%,3.76%,37538.0,44822.0,44515.0,-0.69
90,2011,95,Westmoreland County,79.05%,16.89%,35423.0,41974.0,42170.0,0.47
91,2011,96,Wise County,87.31%,4.55%,31540.0,48974.0,49268.0,0.6
92,2011,97,Wythe County,80.43%,10.09%,29712.0,44307.0,44331.0,0.06
93,2011,98,York County,94.06%,3.27%,49800.0,49800.0,49341.0,-0.92
94,2011,101,Alexandria City,79.22%,15.04%,,66413.0,67239.0,1.24
95,2011,102,Bristol City,80.12%,9.64%,37538.0,45040.0,44864.0,-0.39
96,2011,103,Buena Vista City,89.25%,7.53%,,41409.0,39185.0,-5.37
97,2011,104,Charlottesville City,83.86%,5.06%,53184.0,54095.0,54226.0,0.24
98,2011,106,Colonial Heights City,85.04%,3.54%,,51937.0,51529.0,-0.79
99,2011,107,Covington City,73.24%,15.49%,32813.0,42728.0,48038.0,12.43
100,2011,108,Danville City,75.93%,8.33%,30321.0,46633.0,46970.0,0.72
101,2011,109,Falls Church City,96.58%,1.37%,,63309.0,63020.0,-0.46
102,2011,110,Fredericksburg City,85.71%,7.35%,,48148.0,46944.0,-2.5
103,2011,111,Galax City,83.61%,9.02%,29459.0,43609.0,43821.0,0.49
104,2011,112,Hampton City,84.69%,4.88%,,44340.0,44616.0,0.62
105,2011,113,Harrisonburg City,83.09%,11.08%,32005.0,46793.0,46253.0,-1.15
106,2011,114,Hopewell City,77.81%,13.44%,33147.0,46399.0,45725.0,-1.45
107,2011,115,Lynchburg City,79.85%,8.97%,33353.0,46475.0,48050.0,3.39
108,2011,116,Martinsville City,85.93%,8.04%,31585.0,42418.0,42803.0,0.91
109,2011,117,Newport News City,80.73%,7.04%,,48938.0,45842.0,-6.33
110,2011,118,Norfolk City,73.65%,15.11%,,48903.0,48058.0,-1.73
111,2011,119,Norton City,85.48%,8.06%,31540.0,43931.0,44528.0,1.36
112,2011,120,Petersburg City,68.42%,21.88%,,39409.0,40316.0,2.3
113,2011,121,Portsmouth City,77.39%,13.51%,,42270.0,44450.0,5.16
114,2011,122,Radford City,94.12%,0.84%,29216.0,49157.0,49489.0,0.68
115,2011,123,Richmond City,70.78%,14.06%,,49403.0,49395.0,-0.02
116,2011,124,Roanoke City,75.66%,12.17%,,43563.0,38723.0,-11.11
117,2011,126,Staunton City,81.08%,12.61%,,43965.0,44157.0,0.44
118,2011,127,Suffolk City,81.15%,10.86%,,49964.0,50130.0,0.33
119,2011,128,Virginia Beach City,86.76%,6.18%,,53343.0,52710.0,-1.19
120,2011,130,Waynesboro City,79.67%,7.05%,,46222.0,43188.0,-6.56
121,2011,131,Williamsburg-James City County,87.20%,3.28%,,53722.0,53754.0,0.06
122,2011,132,Winchester City,88.36%,8.73%,40603.0,50404.0,47541.0,-5.68
123,2011,135,Franklin City,84.47%,9.71%,,45787.0,44111.0,-3.66
124,2011,136,Chesapeake City,90.37%,5.50%,,54385.0,52514.0,-3.44
125,2011,139,Salem City,88.00%,3.69%,43102.0,53912.0,53218.0,-1.29
126,2011,142,Poquoson City,93.13%,1.72%,49800.0,48225.0,47166.0,-2.2
127,2011,143,Manassas City,77.07%,13.16%,,63666.0,62886.0,-1.22
128,2011,144,Manassas Park City,84.76%,8.10%,,56429.0,56322.0,-0.19
129,2011,202,Colonial Beach,87.80%,2.44%,,42432.0,43090.0,1.55
130,2011,207,West Point,94.83%,0.00%,,39841.0,42581.0,6.88